7.5s 1 0.00s - Debugger warning: It seems that frozen modules are being used, which may
7.5s 2 0.00s - make the debugger miss breakpoints. Please pass -Xfrozen_modules=off
7.5s 3 0.00s - to python to disable frozen modules.
7.5s 4 0.00s - Note: Debugging will proceed. Set PYDEVD_DISABLE_FILE_VALIDATION=1 to disable this validation.
8.1s 5 0.00s - Debugger warning: It seems that frozen modules are being used, which may
8.1s 6 0.00s - make the debugger miss breakpoints. Please pass -Xfrozen_modules=off
8.1s 7 0.00s - to python to disable frozen modules.
8.1s 8 0.00s - Note: Debugging will proceed. Set PYDEVD_DISABLE_FILE_VALIDATION=1 to disable this validation.
9.2s 9 /kaggle/input/datasets/aminexdr/bhc-mimic-iv-summary/BHC_MIMIC-IV.csv
15.5s 10 parser self-test: passed
16.9s 11 statistics self-test: passed
16.9s 12 
16.9s 13 ==============================================================================
16.9s 14 STAGE 1  sampling + generation
16.9s 15 ==============================================================================
20.2s 16 ━━━━━━━━━━━━━━━━━━━━━━━━━━━━━━━━━━━━━━━━ 11.6/11.6 MB 98.8 MB/s eta 0:00:00
20.2s 17 ━━━━━━━━━━━━━━━━━━━━━━━━━━━━━━━━━━━━━━━━ 389.2/389.2 kB 25.0 MB/s eta 0:00:00
20.4s 18 ━━━━━━━━━━━━━━━━━━━━━━━━━━━━━━━━━━━━━━━━ 11.6/11.6 MB 98.8 MB/s eta 0:00:00
20.4s 19 ━━━━━━━━━━━━━━━━━━━━━━━━━━━━━━━━━━━━━━━━ 389.2/389.2 kB 25.0 MB/s eta 0:00:00
20.6s 20 ━━━━━━━━━━━━━━━━━━━━━━━━━━━━━━━━━━━━━━━━ 40.9/40.9 MB 49.7 MB/s eta 0:00:00
20.6s 21 ━━━━━━━━━━━━━━━━━━━━━━━━━━━━━━━━━━━━━━━━ 516.0/516.0 kB 28.1 MB/s eta 0:00:00
20.8s 22 ━━━━━━━━━━━━━━━━━━━━━━━━━━━━━━━━━━━━━━━━ 40.9/40.9 MB 49.7 MB/s eta 0:00:00
20.8s 23 ━━━━━━━━━━━━━━━━━━━━━━━━━━━━━━━━━━━━━━━━ 516.0/516.0 kB 28.1 MB/s eta 0:00:00
73.5s 24 Warning: You are sending unauthenticated requests to the HF Hub. Please set a HF_TOKEN to enable higher rate limits and faster downloads.
73.5s 25 
73.5s 26 Warning: You are sending unauthenticated requests to the HF Hub. Please set a HF_TOKEN to enable higher rate limits and faster downloads.
73.5s 27 drew 302 rows from 269516 eligible with seed 42
73.5s 28 sampling checks passed: 2 demonstrations, 300 evaluation cases
183.0s 29 [transformers] `torch_dtype` is deprecated! Use `dtype` instead!
183.0s 30 
183.0s 31 [transformers] `torch_dtype` is deprecated! Use `dtype` instead!
189.7s 32 [transformers] Please make sure the generation config includes `forced_bos_token_id=0`.
189.7s 33 
189.7s 34 [transformers] Please make sure the generation config includes `forced_bos_token_id=0`.
198.4s 35 loaded Qwen/Qwen2.5-7B-Instruct and facebook/bart-large-cnn
198.4s 36 resuming with 0 case(s) already generated
199.0s 37 [transformers] Both `max_new_tokens` (=200) and `max_length`(=142) seem to have been set. `max_new_tokens` will take precedence. Please refer to the documentation for more information. (https://huggingface.co/docs/transformers/main/en/main_classes/text_generation)
199.0s 38 
199.0s 39 [transformers] Both `max_new_tokens` (=200) and `max_length`(=142) seem to have been set. `max_new_tokens` will take precedence. Please refer to the documentation for more information. (https://huggingface.co/docs/transformers/main/en/main_classes/text_generation)
253.3s 40 [transformers] Both `max_new_tokens` (=200) and `max_length`(=142) seem to have been set. `max_new_tokens` will take precedence. Please refer to the documentation for more information. (https://huggingface.co/docs/transformers/main/en/main_classes/text_generation)
253.3s 41 
253.3s 42 [transformers] Both `max_new_tokens` (=200) and `max_length`(=142) seem to have been set. `max_new_tokens` will take precedence. Please refer to the documentation for more information. (https://huggingface.co/docs/transformers/main/en/main_classes/text_generation)
339.8s 43 [transformers] Both `max_new_tokens` (=200) and `max_length`(=142) seem to have been set. `max_new_tokens` will take precedence. Please refer to the documentation for more information. (https://huggingface.co/docs/transformers/main/en/main_classes/text_generation)
339.8s 44 
339.8s 45 [transformers] Both `max_new_tokens` (=200) and `max_length`(=142) seem to have been set. `max_new_tokens` will take precedence. Please refer to the documentation for more information. (https://huggingface.co/docs/transformers/main/en/main_classes/text_generation)
399.8s 46 [transformers] Both `max_new_tokens` (=200) and `max_length`(=142) seem to have been set. `max_new_tokens` will take precedence. Please refer to the documentation for more information. (https://huggingface.co/docs/transformers/main/en/main_classes/text_generation)
399.8s 47 
399.8s 48 [transformers] Both `max_new_tokens` (=200) and `max_length`(=142) seem to have been set. `max_new_tokens` will take precedence. Please refer to the documentation for more information. (https://huggingface.co/docs/transformers/main/en/main_classes/text_generation)
455.5s 49 [transformers] Both `max_new_tokens` (=200) and `max_length`(=142) seem to have been set. `max_new_tokens` will take precedence. Please refer to the documentation for more information. (https://huggingface.co/docs/transformers/main/en/main_classes/text_generation)
455.5s 50 
455.5s 51 [transformers] Both `max_new_tokens` (=200) and `max_length`(=142) seem to have been set. `max_new_tokens` will take precedence. Please refer to the documentation for more information. (https://huggingface.co/docs/transformers/main/en/main_classes/text_generation)
522.5s 52 [transformers] Both `max_new_tokens` (=200) and `max_length`(=142) seem to have been set. `max_new_tokens` will take precedence. Please refer to the documentation for more information. (https://huggingface.co/docs/transformers/main/en/main_classes/text_generation)
522.5s 53 
522.5s 54 [transformers] Both `max_new_tokens` (=200) and `max_length`(=142) seem to have been set. `max_new_tokens` will take precedence. Please refer to the documentation for more information. (https://huggingface.co/docs/transformers/main/en/main_classes/text_generation)
610.1s 55 [transformers] Both `max_new_tokens` (=200) and `max_length`(=142) seem to have been set. `max_new_tokens` will take precedence. Please refer to the documentation for more information. (https://huggingface.co/docs/transformers/main/en/main_classes/text_generation)
610.1s 56 
610.1s 57 [transformers] Both `max_new_tokens` (=200) and `max_length`(=142) seem to have been set. `max_new_tokens` will take precedence. Please refer to the documentation for more information. (https://huggingface.co/docs/transformers/main/en/main_classes/text_generation)
668.1s 58 [transformers] Both `max_new_tokens` (=200) and `max_length`(=142) seem to have been set. `max_new_tokens` will take precedence. Please refer to the documentation for more information. (https://huggingface.co/docs/transformers/main/en/main_classes/text_generation)
668.1s 59 
668.1s 60 [transformers] Both `max_new_tokens` (=200) and `max_length`(=142) seem to have been set. `max_new_tokens` will take precedence. Please refer to the documentation for more information. (https://huggingface.co/docs/transformers/main/en/main_classes/text_generation)
723.8s 61 [transformers] Both `max_new_tokens` (=200) and `max_length`(=142) seem to have been set. `max_new_tokens` will take precedence. Please refer to the documentation for more information. (https://huggingface.co/docs/transformers/main/en/main_classes/text_generation)
723.8s 62 
723.8s 63 [transformers] Both `max_new_tokens` (=200) and `max_length`(=142) seem to have been set. `max_new_tokens` will take precedence. Please refer to the documentation for more information. (https://huggingface.co/docs/transformers/main/en/main_classes/text_generation)
786.1s 64 [transformers] Both `max_new_tokens` (=200) and `max_length`(=142) seem to have been set. `max_new_tokens` will take precedence. Please refer to the documentation for more information. (https://huggingface.co/docs/transformers/main/en/main_classes/text_generation)
786.1s 65 
786.1s 66 [transformers] Both `max_new_tokens` (=200) and `max_length`(=142) seem to have been set. `max_new_tokens` will take precedence. Please refer to the documentation for more information. (https://huggingface.co/docs/transformers/main/en/main_classes/text_generation)
823.0s 67 [transformers] Both `max_new_tokens` (=200) and `max_length`(=142) seem to have been set. `max_new_tokens` will take precedence. Please refer to the documentation for more information. (https://huggingface.co/docs/transformers/main/en/main_classes/text_generation)
823.0s 68 
823.0s 69 [transformers] Both `max_new_tokens` (=200) and `max_length`(=142) seem to have been set. `max_new_tokens` will take precedence. Please refer to the documentation for more information. (https://huggingface.co/docs/transformers/main/en/main_classes/text_generation)
876.6s 70 [transformers] Both `max_new_tokens` (=200) and `max_length`(=142) seem to have been set. `max_new_tokens` will take precedence. Please refer to the documentation for more information. (https://huggingface.co/docs/transformers/main/en/main_classes/text_generation)
876.6s 71 
876.6s 72 [transformers] Both `max_new_tokens` (=200) and `max_length`(=142) seem to have been set. `max_new_tokens` will take precedence. Please refer to the documentation for more information. (https://huggingface.co/docs/transformers/main/en/main_classes/text_generation)
939.9s 73 [transformers] Both `max_new_tokens` (=200) and `max_length`(=142) seem to have been set. `max_new_tokens` will take precedence. Please refer to the documentation for more information. (https://huggingface.co/docs/transformers/main/en/main_classes/text_generation)
939.9s 74 
939.9s 75 [transformers] Both `max_new_tokens` (=200) and `max_length`(=142) seem to have been set. `max_new_tokens` will take precedence. Please refer to the documentation for more information. (https://huggingface.co/docs/transformers/main/en/main_classes/text_generation)
985.8s 76 [transformers] Both `max_new_tokens` (=200) and `max_length`(=142) seem to have been set. `max_new_tokens` will take precedence. Please refer to the documentation for more information. (https://huggingface.co/docs/transformers/main/en/main_classes/text_generation)
985.8s 77 
985.8s 78 [transformers] Both `max_new_tokens` (=200) and `max_length`(=142) seem to have been set. `max_new_tokens` will take precedence. Please refer to the documentation for more information. (https://huggingface.co/docs/transformers/main/en/main_classes/text_generation)
1058.6s 79 [transformers] Both `max_new_tokens` (=200) and `max_length`(=142) seem to have been set. `max_new_tokens` will take precedence. Please refer to the documentation for more information. (https://huggingface.co/docs/transformers/main/en/main_classes/text_generation)
1058.6s 80 
1058.6s 81 [transformers] Both `max_new_tokens` (=200) and `max_length`(=142) seem to have been set. `max_new_tokens` will take precedence. Please refer to the documentation for more information. (https://huggingface.co/docs/transformers/main/en/main_classes/text_generation)
1101.7s 82 [transformers] Both `max_new_tokens` (=200) and `max_length`(=142) seem to have been set. `max_new_tokens` will take precedence. Please refer to the documentation for more information. (https://huggingface.co/docs/transformers/main/en/main_classes/text_generation)
1101.7s 83 
1101.7s 84 [transformers] Both `max_new_tokens` (=200) and `max_length`(=142) seem to have been set. `max_new_tokens` will take precedence. Please refer to the documentation for more information. (https://huggingface.co/docs/transformers/main/en/main_classes/text_generation)
1151.7s 85 [transformers] Both `max_new_tokens` (=200) and `max_length`(=142) seem to have been set. `max_new_tokens` will take precedence. Please refer to the documentation for more information. (https://huggingface.co/docs/transformers/main/en/main_classes/text_generation)
1151.7s 86 
1151.7s 87 [transformers] Both `max_new_tokens` (=200) and `max_length`(=142) seem to have been set. `max_new_tokens` will take precedence. Please refer to the documentation for more information. (https://huggingface.co/docs/transformers/main/en/main_classes/text_generation)
1207.9s 88 [transformers] Both `max_new_tokens` (=200) and `max_length`(=142) seem to have been set. `max_new_tokens` will take precedence. Please refer to the documentation for more information. (https://huggingface.co/docs/transformers/main/en/main_classes/text_generation)
1207.9s 89 
1207.9s 90 [transformers] Both `max_new_tokens` (=200) and `max_length`(=142) seem to have been set. `max_new_tokens` will take precedence. Please refer to the documentation for more information. (https://huggingface.co/docs/transformers/main/en/main_classes/text_generation)
1250.1s 91 [transformers] Both `max_new_tokens` (=200) and `max_length`(=142) seem to have been set. `max_new_tokens` will take precedence. Please refer to the documentation for more information. (https://huggingface.co/docs/transformers/main/en/main_classes/text_generation)
1250.1s 92 
1250.1s 93 [transformers] Both `max_new_tokens` (=200) and `max_length`(=142) seem to have been set. `max_new_tokens` will take precedence. Please refer to the documentation for more information. (https://huggingface.co/docs/transformers/main/en/main_classes/text_generation)
1310.3s 94 [transformers] Both `max_new_tokens` (=200) and `max_length`(=142) seem to have been set. `max_new_tokens` will take precedence. Please refer to the documentation for more information. (https://huggingface.co/docs/transformers/main/en/main_classes/text_generation)
1310.3s 95 
1310.3s 96 [transformers] Both `max_new_tokens` (=200) and `max_length`(=142) seem to have been set. `max_new_tokens` will take precedence. Please refer to the documentation for more information. (https://huggingface.co/docs/transformers/main/en/main_classes/text_generation)
1392.6s 97 [transformers] Both `max_new_tokens` (=200) and `max_length`(=142) seem to have been set. `max_new_tokens` will take precedence. Please refer to the documentation for more information. (https://huggingface.co/docs/transformers/main/en/main_classes/text_generation)
1392.6s 98 
1392.6s 99 [transformers] Both `max_new_tokens` (=200) and `max_length`(=142) seem to have been set. `max_new_tokens` will take precedence. Please refer to the documentation for more information. (https://huggingface.co/docs/transformers/main/en/main_classes/text_generation)
1449.9s 100 [transformers] Both `max_new_tokens` (=200) and `max_length`(=142) seem to have been set. `max_new_tokens` will take precedence. Please refer to the documentation for more information. (https://huggingface.co/docs/transformers/main/en/main_classes/text_generation)
1449.9s 101 
1449.9s 102 [transformers] Both `max_new_tokens` (=200) and `max_length`(=142) seem to have been set. `max_new_tokens` will take precedence. Please refer to the documentation for more information. (https://huggingface.co/docs/transformers/main/en/main_classes/text_generation)
1510.4s 103 [transformers] Both `max_new_tokens` (=200) and `max_length`(=142) seem to have been set. `max_new_tokens` will take precedence. Please refer to the documentation for more information. (https://huggingface.co/docs/transformers/main/en/main_classes/text_generation)
1510.4s 104 
1510.4s 105 [transformers] Both `max_new_tokens` (=200) and `max_length`(=142) seem to have been set. `max_new_tokens` will take precedence. Please refer to the documentation for more information. (https://huggingface.co/docs/transformers/main/en/main_classes/text_generation)
1571.9s 106 [transformers] Both `max_new_tokens` (=200) and `max_length`(=142) seem to have been set. `max_new_tokens` will take precedence. Please refer to the documentation for more information. (https://huggingface.co/docs/transformers/main/en/main_classes/text_generation)
1571.9s 107 
1571.9s 108 [transformers] Both `max_new_tokens` (=200) and `max_length`(=142) seem to have been set. `max_new_tokens` will take precedence. Please refer to the documentation for more information. (https://huggingface.co/docs/transformers/main/en/main_classes/text_generation)
1624.0s 109 [transformers] Both `max_new_tokens` (=200) and `max_length`(=142) seem to have been set. `max_new_tokens` will take precedence. Please refer to the documentation for more information. (https://huggingface.co/docs/transformers/main/en/main_classes/text_generation)
1624.0s 110 
1624.0s 111 [transformers] Both `max_new_tokens` (=200) and `max_length`(=142) seem to have been set. `max_new_tokens` will take precedence. Please refer to the documentation for more information. (https://huggingface.co/docs/transformers/main/en/main_classes/text_generation)
1677.5s 112 [transformers] Both `max_new_tokens` (=200) and `max_length`(=142) seem to have been set. `max_new_tokens` will take precedence. Please refer to the documentation for more information. (https://huggingface.co/docs/transformers/main/en/main_classes/text_generation)
1677.5s 113 
1677.5s 114 [transformers] Both `max_new_tokens` (=200) and `max_length`(=142) seem to have been set. `max_new_tokens` will take precedence. Please refer to the documentation for more information. (https://huggingface.co/docs/transformers/main/en/main_classes/text_generation)
1733.8s 115 [transformers] Both `max_new_tokens` (=200) and `max_length`(=142) seem to have been set. `max_new_tokens` will take precedence. Please refer to the documentation for more information. (https://huggingface.co/docs/transformers/main/en/main_classes/text_generation)
1733.8s 116 
1733.8s 117 [transformers] Both `max_new_tokens` (=200) and `max_length`(=142) seem to have been set. `max_new_tokens` will take precedence. Please refer to the documentation for more information. (https://huggingface.co/docs/transformers/main/en/main_classes/text_generation)
1789.4s 118 [transformers] Both `max_new_tokens` (=200) and `max_length`(=142) seem to have been set. `max_new_tokens` will take precedence. Please refer to the documentation for more information. (https://huggingface.co/docs/transformers/main/en/main_classes/text_generation)
1789.4s 119 
1789.4s 120 [transformers] Both `max_new_tokens` (=200) and `max_length`(=142) seem to have been set. `max_new_tokens` will take precedence. Please refer to the documentation for more information. (https://huggingface.co/docs/transformers/main/en/main_classes/text_generation)
1832.7s 121 [transformers] Both `max_new_tokens` (=200) and `max_length`(=142) seem to have been set. `max_new_tokens` will take precedence. Please refer to the documentation for more information. (https://huggingface.co/docs/transformers/main/en/main_classes/text_generation)
1832.7s 122 
1832.7s 123 [transformers] Both `max_new_tokens` (=200) and `max_length`(=142) seem to have been set. `max_new_tokens` will take precedence. Please refer to the documentation for more information. (https://huggingface.co/docs/transformers/main/en/main_classes/text_generation)
1888.0s 124 [transformers] Both `max_new_tokens` (=200) and `max_length`(=142) seem to have been set. `max_new_tokens` will take precedence. Please refer to the documentation for more information. (https://huggingface.co/docs/transformers/main/en/main_classes/text_generation)
1888.0s 125 
1888.0s 126 [transformers] Both `max_new_tokens` (=200) and `max_length`(=142) seem to have been set. `max_new_tokens` will take precedence. Please refer to the documentation for more information. (https://huggingface.co/docs/transformers/main/en/main_classes/text_generation)
1965.5s 127 [transformers] Both `max_new_tokens` (=200) and `max_length`(=142) seem to have been set. `max_new_tokens` will take precedence. Please refer to the documentation for more information. (https://huggingface.co/docs/transformers/main/en/main_classes/text_generation)
1965.5s 128 
1965.5s 129 [transformers] Both `max_new_tokens` (=200) and `max_length`(=142) seem to have been set. `max_new_tokens` will take precedence. Please refer to the documentation for more information. (https://huggingface.co/docs/transformers/main/en/main_classes/text_generation)
2044.8s 130 [transformers] Both `max_new_tokens` (=200) and `max_length`(=142) seem to have been set. `max_new_tokens` will take precedence. Please refer to the documentation for more information. (https://huggingface.co/docs/transformers/main/en/main_classes/text_generation)
2044.8s 131 
2044.8s 132 [transformers] Both `max_new_tokens` (=200) and `max_length`(=142) seem to have been set. `max_new_tokens` will take precedence. Please refer to the documentation for more information. (https://huggingface.co/docs/transformers/main/en/main_classes/text_generation)
2100.3s 133 [transformers] Both `max_new_tokens` (=200) and `max_length`(=142) seem to have been set. `max_new_tokens` will take precedence. Please refer to the documentation for more information. (https://huggingface.co/docs/transformers/main/en/main_classes/text_generation)
2100.3s 134 
2100.3s 135 [transformers] Both `max_new_tokens` (=200) and `max_length`(=142) seem to have been set. `max_new_tokens` will take precedence. Please refer to the documentation for more information. (https://huggingface.co/docs/transformers/main/en/main_classes/text_generation)
2146.1s 136 [transformers] Both `max_new_tokens` (=200) and `max_length`(=142) seem to have been set. `max_new_tokens` will take precedence. Please refer to the documentation for more information. (https://huggingface.co/docs/transformers/main/en/main_classes/text_generation)
2146.1s 137 
2146.1s 138 [transformers] Both `max_new_tokens` (=200) and `max_length`(=142) seem to have been set. `max_new_tokens` will take precedence. Please refer to the documentation for more information. (https://huggingface.co/docs/transformers/main/en/main_classes/text_generation)
2224.6s 139 [transformers] Both `max_new_tokens` (=200) and `max_length`(=142) seem to have been set. `max_new_tokens` will take precedence. Please refer to the documentation for more information. (https://huggingface.co/docs/transformers/main/en/main_classes/text_generation)
2224.6s 140 
2224.6s 141 [transformers] Both `max_new_tokens` (=200) and `max_length`(=142) seem to have been set. `max_new_tokens` will take precedence. Please refer to the documentation for more information. (https://huggingface.co/docs/transformers/main/en/main_classes/text_generation)
2277.3s 142 [transformers] Both `max_new_tokens` (=200) and `max_length`(=142) seem to have been set. `max_new_tokens` will take precedence. Please refer to the documentation for more information. (https://huggingface.co/docs/transformers/main/en/main_classes/text_generation)
2277.3s 143 
2277.3s 144 [transformers] Both `max_new_tokens` (=200) and `max_length`(=142) seem to have been set. `max_new_tokens` will take precedence. Please refer to the documentation for more information. (https://huggingface.co/docs/transformers/main/en/main_classes/text_generation)
2324.7s 145 [transformers] Both `max_new_tokens` (=200) and `max_length`(=142) seem to have been set. `max_new_tokens` will take precedence. Please refer to the documentation for more information. (https://huggingface.co/docs/transformers/main/en/main_classes/text_generation)
2324.7s 146 
2324.7s 147 [transformers] Both `max_new_tokens` (=200) and `max_length`(=142) seem to have been set. `max_new_tokens` will take precedence. Please refer to the documentation for more information. (https://huggingface.co/docs/transformers/main/en/main_classes/text_generation)
2389.9s 148 [transformers] Both `max_new_tokens` (=200) and `max_length`(=142) seem to have been set. `max_new_tokens` will take precedence. Please refer to the documentation for more information. (https://huggingface.co/docs/transformers/main/en/main_classes/text_generation)
2389.9s 149 
2389.9s 150 [transformers] Both `max_new_tokens` (=200) and `max_length`(=142) seem to have been set. `max_new_tokens` will take precedence. Please refer to the documentation for more information. (https://huggingface.co/docs/transformers/main/en/main_classes/text_generation)
2439.3s 151 [transformers] Both `max_new_tokens` (=200) and `max_length`(=142) seem to have been set. `max_new_tokens` will take precedence. Please refer to the documentation for more information. (https://huggingface.co/docs/transformers/main/en/main_classes/text_generation)
2439.3s 152 
2439.3s 153 [transformers] Both `max_new_tokens` (=200) and `max_length`(=142) seem to have been set. `max_new_tokens` will take precedence. Please refer to the documentation for more information. (https://huggingface.co/docs/transformers/main/en/main_classes/text_generation)
2472.2s 154 [transformers] Both `max_new_tokens` (=200) and `max_length`(=142) seem to have been set. `max_new_tokens` will take precedence. Please refer to the documentation for more information. (https://huggingface.co/docs/transformers/main/en/main_classes/text_generation)
2472.2s 155 
2472.2s 156 [transformers] Both `max_new_tokens` (=200) and `max_length`(=142) seem to have been set. `max_new_tokens` will take precedence. Please refer to the documentation for more information. (https://huggingface.co/docs/transformers/main/en/main_classes/text_generation)
2512.4s 157 [transformers] Both `max_new_tokens` (=200) and `max_length`(=142) seem to have been set. `max_new_tokens` will take precedence. Please refer to the documentation for more information. (https://huggingface.co/docs/transformers/main/en/main_classes/text_generation)
2512.4s 158 
2512.4s 159 [transformers] Both `max_new_tokens` (=200) and `max_length`(=142) seem to have been set. `max_new_tokens` will take precedence. Please refer to the documentation for more information. (https://huggingface.co/docs/transformers/main/en/main_classes/text_generation)
2581.1s 160 [transformers] Both `max_new_tokens` (=200) and `max_length`(=142) seem to have been set. `max_new_tokens` will take precedence. Please refer to the documentation for more information. (https://huggingface.co/docs/transformers/main/en/main_classes/text_generation)
2581.1s 161 
2581.1s 162 [transformers] Both `max_new_tokens` (=200) and `max_length`(=142) seem to have been set. `max_new_tokens` will take precedence. Please refer to the documentation for more information. (https://huggingface.co/docs/transformers/main/en/main_classes/text_generation)
2626.8s 163 [transformers] Both `max_new_tokens` (=200) and `max_length`(=142) seem to have been set. `max_new_tokens` will take precedence. Please refer to the documentation for more information. (https://huggingface.co/docs/transformers/main/en/main_classes/text_generation)
2626.8s 164 
2626.8s 165 [transformers] Both `max_new_tokens` (=200) and `max_length`(=142) seem to have been set. `max_new_tokens` will take precedence. Please refer to the documentation for more information. (https://huggingface.co/docs/transformers/main/en/main_classes/text_generation)
2694.3s 166 [transformers] Both `max_new_tokens` (=200) and `max_length`(=142) seem to have been set. `max_new_tokens` will take precedence. Please refer to the documentation for more information. (https://huggingface.co/docs/transformers/main/en/main_classes/text_generation)
2694.3s 167 
2694.3s 168 [transformers] Both `max_new_tokens` (=200) and `max_length`(=142) seem to have been set. `max_new_tokens` will take precedence. Please refer to the documentation for more information. (https://huggingface.co/docs/transformers/main/en/main_classes/text_generation)
2747.3s 169 [transformers] Both `max_new_tokens` (=200) and `max_length`(=142) seem to have been set. `max_new_tokens` will take precedence. Please refer to the documentation for more information. (https://huggingface.co/docs/transformers/main/en/main_classes/text_generation)
2747.3s 170 
2747.3s 171 [transformers] Both `max_new_tokens` (=200) and `max_length`(=142) seem to have been set. `max_new_tokens` will take precedence. Please refer to the documentation for more information. (https://huggingface.co/docs/transformers/main/en/main_classes/text_generation)
2810.0s 172 [transformers] Both `max_new_tokens` (=200) and `max_length`(=142) seem to have been set. `max_new_tokens` will take precedence. Please refer to the documentation for more information. (https://huggingface.co/docs/transformers/main/en/main_classes/text_generation)
2810.0s 173 
2810.0s 174 [transformers] Both `max_new_tokens` (=200) and `max_length`(=142) seem to have been set. `max_new_tokens` will take precedence. Please refer to the documentation for more information. (https://huggingface.co/docs/transformers/main/en/main_classes/text_generation)
2864.5s 175 [transformers] Both `max_new_tokens` (=200) and `max_length`(=142) seem to have been set. `max_new_tokens` will take precedence. Please refer to the documentation for more information. (https://huggingface.co/docs/transformers/main/en/main_classes/text_generation)
2864.5s 176 
2864.5s 177 [transformers] Both `max_new_tokens` (=200) and `max_length`(=142) seem to have been set. `max_new_tokens` will take precedence. Please refer to the documentation for more information. (https://huggingface.co/docs/transformers/main/en/main_classes/text_generation)
2934.1s 178 [transformers] Both `max_new_tokens` (=200) and `max_length`(=142) seem to have been set. `max_new_tokens` will take precedence. Please refer to the documentation for more information. (https://huggingface.co/docs/transformers/main/en/main_classes/text_generation)
2934.1s 179 
2934.1s 180 [transformers] Both `max_new_tokens` (=200) and `max_length`(=142) seem to have been set. `max_new_tokens` will take precedence. Please refer to the documentation for more information. (https://huggingface.co/docs/transformers/main/en/main_classes/text_generation)
3009.3s 181 [transformers] Both `max_new_tokens` (=200) and `max_length`(=142) seem to have been set. `max_new_tokens` will take precedence. Please refer to the documentation for more information. (https://huggingface.co/docs/transformers/main/en/main_classes/text_generation)
3009.3s 182 
3009.3s 183 [transformers] Both `max_new_tokens` (=200) and `max_length`(=142) seem to have been set. `max_new_tokens` will take precedence. Please refer to the documentation for more information. (https://huggingface.co/docs/transformers/main/en/main_classes/text_generation)
3086.8s 184 [transformers] Both `max_new_tokens` (=200) and `max_length`(=142) seem to have been set. `max_new_tokens` will take precedence. Please refer to the documentation for more information. (https://huggingface.co/docs/transformers/main/en/main_classes/text_generation)
3086.8s 185 
3086.8s 186 [transformers] Both `max_new_tokens` (=200) and `max_length`(=142) seem to have been set. `max_new_tokens` will take precedence. Please refer to the documentation for more information. (https://huggingface.co/docs/transformers/main/en/main_classes/text_generation)
3165.9s 187 [transformers] Both `max_new_tokens` (=200) and `max_length`(=142) seem to have been set. `max_new_tokens` will take precedence. Please refer to the documentation for more information. (https://huggingface.co/docs/transformers/main/en/main_classes/text_generation)
3165.9s 188 
3165.9s 189 [transformers] Both `max_new_tokens` (=200) and `max_length`(=142) seem to have been set. `max_new_tokens` will take precedence. Please refer to the documentation for more information. (https://huggingface.co/docs/transformers/main/en/main_classes/text_generation)
3215.2s 190 [transformers] Both `max_new_tokens` (=200) and `max_length`(=142) seem to have been set. `max_new_tokens` will take precedence. Please refer to the documentation for more information. (https://huggingface.co/docs/transformers/main/en/main_classes/text_generation)
3215.2s 191 
3215.2s 192 [transformers] Both `max_new_tokens` (=200) and `max_length`(=142) seem to have been set. `max_new_tokens` will take precedence. Please refer to the documentation for more information. (https://huggingface.co/docs/transformers/main/en/main_classes/text_generation)
3260.0s 193 [transformers] Both `max_new_tokens` (=200) and `max_length`(=142) seem to have been set. `max_new_tokens` will take precedence. Please refer to the documentation for more information. (https://huggingface.co/docs/transformers/main/en/main_classes/text_generation)
3260.0s 194 
3260.0s 195 [transformers] Both `max_new_tokens` (=200) and `max_length`(=142) seem to have been set. `max_new_tokens` will take precedence. Please refer to the documentation for more information. (https://huggingface.co/docs/transformers/main/en/main_classes/text_generation)
3334.4s 196 [transformers] Both `max_new_tokens` (=200) and `max_length`(=142) seem to have been set. `max_new_tokens` will take precedence. Please refer to the documentation for more information. (https://huggingface.co/docs/transformers/main/en/main_classes/text_generation)
3334.4s 197 
3334.4s 198 [transformers] Both `max_new_tokens` (=200) and `max_length`(=142) seem to have been set. `max_new_tokens` will take precedence. Please refer to the documentation for more information. (https://huggingface.co/docs/transformers/main/en/main_classes/text_generation)
3431.3s 199 [transformers] Both `max_new_tokens` (=200) and `max_length`(=142) seem to have been set. `max_new_tokens` will take precedence. Please refer to the documentation for more information. (https://huggingface.co/docs/transformers/main/en/main_classes/text_generation)
3431.3s 200 
3431.3s 201 [transformers] Both `max_new_tokens` (=200) and `max_length`(=142) seem to have been set. `max_new_tokens` will take precedence. Please refer to the documentation for more information. (https://huggingface.co/docs/transformers/main/en/main_classes/text_generation)
3489.8s 202 [transformers] Both `max_new_tokens` (=200) and `max_length`(=142) seem to have been set. `max_new_tokens` will take precedence. Please refer to the documentation for more information. (https://huggingface.co/docs/transformers/main/en/main_classes/text_generation)
3489.8s 203 
3489.8s 204 [transformers] Both `max_new_tokens` (=200) and `max_length`(=142) seem to have been set. `max_new_tokens` will take precedence. Please refer to the documentation for more information. (https://huggingface.co/docs/transformers/main/en/main_classes/text_generation)
3551.5s 205 [transformers] Both `max_new_tokens` (=200) and `max_length`(=142) seem to have been set. `max_new_tokens` will take precedence. Please refer to the documentation for more information. (https://huggingface.co/docs/transformers/main/en/main_classes/text_generation)
3551.5s 206 
3551.5s 207 [transformers] Both `max_new_tokens` (=200) and `max_length`(=142) seem to have been set. `max_new_tokens` will take precedence. Please refer to the documentation for more information. (https://huggingface.co/docs/transformers/main/en/main_classes/text_generation)
3607.6s 208 [transformers] Both `max_new_tokens` (=200) and `max_length`(=142) seem to have been set. `max_new_tokens` will take precedence. Please refer to the documentation for more information. (https://huggingface.co/docs/transformers/main/en/main_classes/text_generation)
3607.6s 209 
3607.6s 210 [transformers] Both `max_new_tokens` (=200) and `max_length`(=142) seem to have been set. `max_new_tokens` will take precedence. Please refer to the documentation for more information. (https://huggingface.co/docs/transformers/main/en/main_classes/text_generation)
3666.1s 211 [transformers] Both `max_new_tokens` (=200) and `max_length`(=142) seem to have been set. `max_new_tokens` will take precedence. Please refer to the documentation for more information. (https://huggingface.co/docs/transformers/main/en/main_classes/text_generation)
3666.1s 212 
3666.1s 213 [transformers] Both `max_new_tokens` (=200) and `max_length`(=142) seem to have been set. `max_new_tokens` will take precedence. Please refer to the documentation for more information. (https://huggingface.co/docs/transformers/main/en/main_classes/text_generation)
3722.2s 214 [transformers] Both `max_new_tokens` (=200) and `max_length`(=142) seem to have been set. `max_new_tokens` will take precedence. Please refer to the documentation for more information. (https://huggingface.co/docs/transformers/main/en/main_classes/text_generation)
3722.2s 215 
3722.2s 216 [transformers] Both `max_new_tokens` (=200) and `max_length`(=142) seem to have been set. `max_new_tokens` will take precedence. Please refer to the documentation for more information. (https://huggingface.co/docs/transformers/main/en/main_classes/text_generation)
3792.5s 217 [transformers] Both `max_new_tokens` (=200) and `max_length`(=142) seem to have been set. `max_new_tokens` will take precedence. Please refer to the documentation for more information. (https://huggingface.co/docs/transformers/main/en/main_classes/text_generation)
3792.5s 218 
3792.5s 219 [transformers] Both `max_new_tokens` (=200) and `max_length`(=142) seem to have been set. `max_new_tokens` will take precedence. Please refer to the documentation for more information. (https://huggingface.co/docs/transformers/main/en/main_classes/text_generation)
3850.4s 220 [transformers] Both `max_new_tokens` (=200) and `max_length`(=142) seem to have been set. `max_new_tokens` will take precedence. Please refer to the documentation for more information. (https://huggingface.co/docs/transformers/main/en/main_classes/text_generation)
3850.4s 221 
3850.4s 222 [transformers] Both `max_new_tokens` (=200) and `max_length`(=142) seem to have been set. `max_new_tokens` will take precedence. Please refer to the documentation for more information. (https://huggingface.co/docs/transformers/main/en/main_classes/text_generation)
3917.8s 223 [transformers] Both `max_new_tokens` (=200) and `max_length`(=142) seem to have been set. `max_new_tokens` will take precedence. Please refer to the documentation for more information. (https://huggingface.co/docs/transformers/main/en/main_classes/text_generation)
3917.8s 224 
3917.8s 225 [transformers] Both `max_new_tokens` (=200) and `max_length`(=142) seem to have been set. `max_new_tokens` will take precedence. Please refer to the documentation for more information. (https://huggingface.co/docs/transformers/main/en/main_classes/text_generation)
3959.3s 226 [transformers] Both `max_new_tokens` (=200) and `max_length`(=142) seem to have been set. `max_new_tokens` will take precedence. Please refer to the documentation for more information. (https://huggingface.co/docs/transformers/main/en/main_classes/text_generation)
3959.3s 227 
3959.3s 228 [transformers] Both `max_new_tokens` (=200) and `max_length`(=142) seem to have been set. `max_new_tokens` will take precedence. Please refer to the documentation for more information. (https://huggingface.co/docs/transformers/main/en/main_classes/text_generation)
4004.2s 229 [transformers] Both `max_new_tokens` (=200) and `max_length`(=142) seem to have been set. `max_new_tokens` will take precedence. Please refer to the documentation for more information. (https://huggingface.co/docs/transformers/main/en/main_classes/text_generation)
4004.2s 230 
4004.2s 231 [transformers] Both `max_new_tokens` (=200) and `max_length`(=142) seem to have been set. `max_new_tokens` will take precedence. Please refer to the documentation for more information. (https://huggingface.co/docs/transformers/main/en/main_classes/text_generation)
4055.9s 232 [transformers] Both `max_new_tokens` (=200) and `max_length`(=142) seem to have been set. `max_new_tokens` will take precedence. Please refer to the documentation for more information. (https://huggingface.co/docs/transformers/main/en/main_classes/text_generation)
4055.9s 233 
4055.9s 234 [transformers] Both `max_new_tokens` (=200) and `max_length`(=142) seem to have been set. `max_new_tokens` will take precedence. Please refer to the documentation for more information. (https://huggingface.co/docs/transformers/main/en/main_classes/text_generation)
4112.6s 235 [transformers] Both `max_new_tokens` (=200) and `max_length`(=142) seem to have been set. `max_new_tokens` will take precedence. Please refer to the documentation for more information. (https://huggingface.co/docs/transformers/main/en/main_classes/text_generation)
4112.6s 236 
4112.6s 237 [transformers] Both `max_new_tokens` (=200) and `max_length`(=142) seem to have been set. `max_new_tokens` will take precedence. Please refer to the documentation for more information. (https://huggingface.co/docs/transformers/main/en/main_classes/text_generation)
4177.5s 238 [transformers] Both `max_new_tokens` (=200) and `max_length`(=142) seem to have been set. `max_new_tokens` will take precedence. Please refer to the documentation for more information. (https://huggingface.co/docs/transformers/main/en/main_classes/text_generation)
4177.5s 239 
4177.5s 240 [transformers] Both `max_new_tokens` (=200) and `max_length`(=142) seem to have been set. `max_new_tokens` will take precedence. Please refer to the documentation for more information. (https://huggingface.co/docs/transformers/main/en/main_classes/text_generation)
4218.1s 241 [transformers] Both `max_new_tokens` (=200) and `max_length`(=142) seem to have been set. `max_new_tokens` will take precedence. Please refer to the documentation for more information. (https://huggingface.co/docs/transformers/main/en/main_classes/text_generation)
4218.1s 242 
4218.1s 243 [transformers] Both `max_new_tokens` (=200) and `max_length`(=142) seem to have been set. `max_new_tokens` will take precedence. Please refer to the documentation for more information. (https://huggingface.co/docs/transformers/main/en/main_classes/text_generation)
4281.9s 244 [transformers] Both `max_new_tokens` (=200) and `max_length`(=142) seem to have been set. `max_new_tokens` will take precedence. Please refer to the documentation for more information. (https://huggingface.co/docs/transformers/main/en/main_classes/text_generation)
4281.9s 245 
4281.9s 246 [transformers] Both `max_new_tokens` (=200) and `max_length`(=142) seem to have been set. `max_new_tokens` will take precedence. Please refer to the documentation for more information. (https://huggingface.co/docs/transformers/main/en/main_classes/text_generation)
4369.3s 247 [transformers] Both `max_new_tokens` (=200) and `max_length`(=142) seem to have been set. `max_new_tokens` will take precedence. Please refer to the documentation for more information. (https://huggingface.co/docs/transformers/main/en/main_classes/text_generation)
4369.3s 248 
4369.3s 249 [transformers] Both `max_new_tokens` (=200) and `max_length`(=142) seem to have been set. `max_new_tokens` will take precedence. Please refer to the documentation for more information. (https://huggingface.co/docs/transformers/main/en/main_classes/text_generation)
4419.7s 250 [transformers] Both `max_new_tokens` (=200) and `max_length`(=142) seem to have been set. `max_new_tokens` will take precedence. Please refer to the documentation for more information. (https://huggingface.co/docs/transformers/main/en/main_classes/text_generation)
4419.7s 251 
4419.7s 252 [transformers] Both `max_new_tokens` (=200) and `max_length`(=142) seem to have been set. `max_new_tokens` will take precedence. Please refer to the documentation for more information. (https://huggingface.co/docs/transformers/main/en/main_classes/text_generation)
4476.6s 253 [transformers] Both `max_new_tokens` (=200) and `max_length`(=142) seem to have been set. `max_new_tokens` will take precedence. Please refer to the documentation for more information. (https://huggingface.co/docs/transformers/main/en/main_classes/text_generation)
4476.6s 254 
4476.6s 255 [transformers] Both `max_new_tokens` (=200) and `max_length`(=142) seem to have been set. `max_new_tokens` will take precedence. Please refer to the documentation for more information. (https://huggingface.co/docs/transformers/main/en/main_classes/text_generation)
4530.4s 256 [transformers] Both `max_new_tokens` (=200) and `max_length`(=142) seem to have been set. `max_new_tokens` will take precedence. Please refer to the documentation for more information. (https://huggingface.co/docs/transformers/main/en/main_classes/text_generation)
4530.4s 257 
4530.4s 258 [transformers] Both `max_new_tokens` (=200) and `max_length`(=142) seem to have been set. `max_new_tokens` will take precedence. Please refer to the documentation for more information. (https://huggingface.co/docs/transformers/main/en/main_classes/text_generation)
4575.9s 259 [transformers] Both `max_new_tokens` (=200) and `max_length`(=142) seem to have been set. `max_new_tokens` will take precedence. Please refer to the documentation for more information. (https://huggingface.co/docs/transformers/main/en/main_classes/text_generation)
4575.9s 260 
4575.9s 261 [transformers] Both `max_new_tokens` (=200) and `max_length`(=142) seem to have been set. `max_new_tokens` will take precedence. Please refer to the documentation for more information. (https://huggingface.co/docs/transformers/main/en/main_classes/text_generation)
4624.0s 262 [transformers] Both `max_new_tokens` (=200) and `max_length`(=142) seem to have been set. `max_new_tokens` will take precedence. Please refer to the documentation for more information. (https://huggingface.co/docs/transformers/main/en/main_classes/text_generation)
4624.0s 263 
4624.0s 264 [transformers] Both `max_new_tokens` (=200) and `max_length`(=142) seem to have been set. `max_new_tokens` will take precedence. Please refer to the documentation for more information. (https://huggingface.co/docs/transformers/main/en/main_classes/text_generation)
4667.2s 265 [transformers] Both `max_new_tokens` (=200) and `max_length`(=142) seem to have been set. `max_new_tokens` will take precedence. Please refer to the documentation for more information. (https://huggingface.co/docs/transformers/main/en/main_classes/text_generation)
4667.2s 266 
4667.2s 267 [transformers] Both `max_new_tokens` (=200) and `max_length`(=142) seem to have been set. `max_new_tokens` will take precedence. Please refer to the documentation for more information. (https://huggingface.co/docs/transformers/main/en/main_classes/text_generation)
4707.3s 268 [transformers] Both `max_new_tokens` (=200) and `max_length`(=142) seem to have been set. `max_new_tokens` will take precedence. Please refer to the documentation for more information. (https://huggingface.co/docs/transformers/main/en/main_classes/text_generation)
4707.3s 269 
4707.3s 270 [transformers] Both `max_new_tokens` (=200) and `max_length`(=142) seem to have been set. `max_new_tokens` will take precedence. Please refer to the documentation for more information. (https://huggingface.co/docs/transformers/main/en/main_classes/text_generation)
4762.9s 271 [transformers] Both `max_new_tokens` (=200) and `max_length`(=142) seem to have been set. `max_new_tokens` will take precedence. Please refer to the documentation for more information. (https://huggingface.co/docs/transformers/main/en/main_classes/text_generation)
4762.9s 272 
4762.9s 273 [transformers] Both `max_new_tokens` (=200) and `max_length`(=142) seem to have been set. `max_new_tokens` will take precedence. Please refer to the documentation for more information. (https://huggingface.co/docs/transformers/main/en/main_classes/text_generation)
4830.9s 274 [transformers] Both `max_new_tokens` (=200) and `max_length`(=142) seem to have been set. `max_new_tokens` will take precedence. Please refer to the documentation for more information. (https://huggingface.co/docs/transformers/main/en/main_classes/text_generation)
4830.9s 275 
4830.9s 276 [transformers] Both `max_new_tokens` (=200) and `max_length`(=142) seem to have been set. `max_new_tokens` will take precedence. Please refer to the documentation for more information. (https://huggingface.co/docs/transformers/main/en/main_classes/text_generation)
4870.4s 277 [transformers] Both `max_new_tokens` (=200) and `max_length`(=142) seem to have been set. `max_new_tokens` will take precedence. Please refer to the documentation for more information. (https://huggingface.co/docs/transformers/main/en/main_classes/text_generation)
4870.4s 278 
4870.4s 279 [transformers] Both `max_new_tokens` (=200) and `max_length`(=142) seem to have been set. `max_new_tokens` will take precedence. Please refer to the documentation for more information. (https://huggingface.co/docs/transformers/main/en/main_classes/text_generation)
4912.5s 280 [transformers] Both `max_new_tokens` (=200) and `max_length`(=142) seem to have been set. `max_new_tokens` will take precedence. Please refer to the documentation for more information. (https://huggingface.co/docs/transformers/main/en/main_classes/text_generation)
4912.5s 281 
4912.5s 282 [transformers] Both `max_new_tokens` (=200) and `max_length`(=142) seem to have been set. `max_new_tokens` will take precedence. Please refer to the documentation for more information. (https://huggingface.co/docs/transformers/main/en/main_classes/text_generation)
4979.4s 283 [transformers] Both `max_new_tokens` (=200) and `max_length`(=142) seem to have been set. `max_new_tokens` will take precedence. Please refer to the documentation for more information. (https://huggingface.co/docs/transformers/main/en/main_classes/text_generation)
4979.4s 284 
4979.4s 285 [transformers] Both `max_new_tokens` (=200) and `max_length`(=142) seem to have been set. `max_new_tokens` will take precedence. Please refer to the documentation for more information. (https://huggingface.co/docs/transformers/main/en/main_classes/text_generation)
5026.4s 286 [transformers] Both `max_new_tokens` (=200) and `max_length`(=142) seem to have been set. `max_new_tokens` will take precedence. Please refer to the documentation for more information. (https://huggingface.co/docs/transformers/main/en/main_classes/text_generation)
5026.4s 287 
5026.4s 288 [transformers] Both `max_new_tokens` (=200) and `max_length`(=142) seem to have been set. `max_new_tokens` will take precedence. Please refer to the documentation for more information. (https://huggingface.co/docs/transformers/main/en/main_classes/text_generation)
5111.6s 289 [transformers] Both `max_new_tokens` (=200) and `max_length`(=142) seem to have been set. `max_new_tokens` will take precedence. Please refer to the documentation for more information. (https://huggingface.co/docs/transformers/main/en/main_classes/text_generation)
5111.6s 290 
5111.6s 291 [transformers] Both `max_new_tokens` (=200) and `max_length`(=142) seem to have been set. `max_new_tokens` will take precedence. Please refer to the documentation for more information. (https://huggingface.co/docs/transformers/main/en/main_classes/text_generation)
5194.9s 292 [transformers] Both `max_new_tokens` (=200) and `max_length`(=142) seem to have been set. `max_new_tokens` will take precedence. Please refer to the documentation for more information. (https://huggingface.co/docs/transformers/main/en/main_classes/text_generation)
5194.9s 293 
5194.9s 294 [transformers] Both `max_new_tokens` (=200) and `max_length`(=142) seem to have been set. `max_new_tokens` will take precedence. Please refer to the documentation for more information. (https://huggingface.co/docs/transformers/main/en/main_classes/text_generation)
5260.2s 295 [transformers] Both `max_new_tokens` (=200) and `max_length`(=142) seem to have been set. `max_new_tokens` will take precedence. Please refer to the documentation for more information. (https://huggingface.co/docs/transformers/main/en/main_classes/text_generation)
5260.2s 296 
5260.2s 297 [transformers] Both `max_new_tokens` (=200) and `max_length`(=142) seem to have been set. `max_new_tokens` will take precedence. Please refer to the documentation for more information. (https://huggingface.co/docs/transformers/main/en/main_classes/text_generation)
5317.4s 298 [transformers] Both `max_new_tokens` (=200) and `max_length`(=142) seem to have been set. `max_new_tokens` will take precedence. Please refer to the documentation for more information. (https://huggingface.co/docs/transformers/main/en/main_classes/text_generation)
5317.4s 299 
5317.4s 300 [transformers] Both `max_new_tokens` (=200) and `max_length`(=142) seem to have been set. `max_new_tokens` will take precedence. Please refer to the documentation for more information. (https://huggingface.co/docs/transformers/main/en/main_classes/text_generation)
5369.7s 301 [transformers] Both `max_new_tokens` (=200) and `max_length`(=142) seem to have been set. `max_new_tokens` will take precedence. Please refer to the documentation for more information. (https://huggingface.co/docs/transformers/main/en/main_classes/text_generation)
5369.7s 302 
5369.7s 303 [transformers] Both `max_new_tokens` (=200) and `max_length`(=142) seem to have been set. `max_new_tokens` will take precedence. Please refer to the documentation for more information. (https://huggingface.co/docs/transformers/main/en/main_classes/text_generation)
5398.5s 304 [transformers] Both `max_new_tokens` (=200) and `max_length`(=142) seem to have been set. `max_new_tokens` will take precedence. Please refer to the documentation for more information. (https://huggingface.co/docs/transformers/main/en/main_classes/text_generation)
5398.5s 305 
5398.5s 306 [transformers] Both `max_new_tokens` (=200) and `max_length`(=142) seem to have been set. `max_new_tokens` will take precedence. Please refer to the documentation for more information. (https://huggingface.co/docs/transformers/main/en/main_classes/text_generation)
5482.8s 307 [transformers] Both `max_new_tokens` (=200) and `max_length`(=142) seem to have been set. `max_new_tokens` will take precedence. Please refer to the documentation for more information. (https://huggingface.co/docs/transformers/main/en/main_classes/text_generation)
5482.8s 308 
5482.8s 309 [transformers] Both `max_new_tokens` (=200) and `max_length`(=142) seem to have been set. `max_new_tokens` will take precedence. Please refer to the documentation for more information. (https://huggingface.co/docs/transformers/main/en/main_classes/text_generation)
5522.6s 310 [transformers] Both `max_new_tokens` (=200) and `max_length`(=142) seem to have been set. `max_new_tokens` will take precedence. Please refer to the documentation for more information. (https://huggingface.co/docs/transformers/main/en/main_classes/text_generation)
5522.6s 311 
5522.6s 312 [transformers] Both `max_new_tokens` (=200) and `max_length`(=142) seem to have been set. `max_new_tokens` will take precedence. Please refer to the documentation for more information. (https://huggingface.co/docs/transformers/main/en/main_classes/text_generation)
5600.7s 313 [transformers] Both `max_new_tokens` (=200) and `max_length`(=142) seem to have been set. `max_new_tokens` will take precedence. Please refer to the documentation for more information. (https://huggingface.co/docs/transformers/main/en/main_classes/text_generation)
5600.7s 314 
5600.7s 315 [transformers] Both `max_new_tokens` (=200) and `max_length`(=142) seem to have been set. `max_new_tokens` will take precedence. Please refer to the documentation for more information. (https://huggingface.co/docs/transformers/main/en/main_classes/text_generation)
5672.9s 316 [transformers] Both `max_new_tokens` (=200) and `max_length`(=142) seem to have been set. `max_new_tokens` will take precedence. Please refer to the documentation for more information. (https://huggingface.co/docs/transformers/main/en/main_classes/text_generation)
5672.9s 317 
5672.9s 318 [transformers] Both `max_new_tokens` (=200) and `max_length`(=142) seem to have been set. `max_new_tokens` will take precedence. Please refer to the documentation for more information. (https://huggingface.co/docs/transformers/main/en/main_classes/text_generation)
5723.9s 319 [transformers] Both `max_new_tokens` (=200) and `max_length`(=142) seem to have been set. `max_new_tokens` will take precedence. Please refer to the documentation for more information. (https://huggingface.co/docs/transformers/main/en/main_classes/text_generation)
5723.9s 320 
5723.9s 321 [transformers] Both `max_new_tokens` (=200) and `max_length`(=142) seem to have been set. `max_new_tokens` will take precedence. Please refer to the documentation for more information. (https://huggingface.co/docs/transformers/main/en/main_classes/text_generation)
5793.2s 322 [transformers] Both `max_new_tokens` (=200) and `max_length`(=142) seem to have been set. `max_new_tokens` will take precedence. Please refer to the documentation for more information. (https://huggingface.co/docs/transformers/main/en/main_classes/text_generation)
5793.2s 323 
5793.2s 324 [transformers] Both `max_new_tokens` (=200) and `max_length`(=142) seem to have been set. `max_new_tokens` will take precedence. Please refer to the documentation for more information. (https://huggingface.co/docs/transformers/main/en/main_classes/text_generation)
5910.8s 325 [transformers] Both `max_new_tokens` (=200) and `max_length`(=142) seem to have been set. `max_new_tokens` will take precedence. Please refer to the documentation for more information. (https://huggingface.co/docs/transformers/main/en/main_classes/text_generation)
5910.8s 326 
5910.8s 327 [transformers] Both `max_new_tokens` (=200) and `max_length`(=142) seem to have been set. `max_new_tokens` will take precedence. Please refer to the documentation for more information. (https://huggingface.co/docs/transformers/main/en/main_classes/text_generation)
5971.7s 328 [transformers] Both `max_new_tokens` (=200) and `max_length`(=142) seem to have been set. `max_new_tokens` will take precedence. Please refer to the documentation for more information. (https://huggingface.co/docs/transformers/main/en/main_classes/text_generation)
5971.7s 329 
5971.7s 330 [transformers] Both `max_new_tokens` (=200) and `max_length`(=142) seem to have been set. `max_new_tokens` will take precedence. Please refer to the documentation for more information. (https://huggingface.co/docs/transformers/main/en/main_classes/text_generation)
6023.0s 331 [transformers] Both `max_new_tokens` (=200) and `max_length`(=142) seem to have been set. `max_new_tokens` will take precedence. Please refer to the documentation for more information. (https://huggingface.co/docs/transformers/main/en/main_classes/text_generation)
6023.0s 332 
6023.0s 333 [transformers] Both `max_new_tokens` (=200) and `max_length`(=142) seem to have been set. `max_new_tokens` will take precedence. Please refer to the documentation for more information. (https://huggingface.co/docs/transformers/main/en/main_classes/text_generation)
6074.9s 334 [transformers] Both `max_new_tokens` (=200) and `max_length`(=142) seem to have been set. `max_new_tokens` will take precedence. Please refer to the documentation for more information. (https://huggingface.co/docs/transformers/main/en/main_classes/text_generation)
6074.9s 335 
6074.9s 336 [transformers] Both `max_new_tokens` (=200) and `max_length`(=142) seem to have been set. `max_new_tokens` will take precedence. Please refer to the documentation for more information. (https://huggingface.co/docs/transformers/main/en/main_classes/text_generation)
6136.5s 337 [transformers] Both `max_new_tokens` (=200) and `max_length`(=142) seem to have been set. `max_new_tokens` will take precedence. Please refer to the documentation for more information. (https://huggingface.co/docs/transformers/main/en/main_classes/text_generation)
6136.5s 338 
6136.5s 339 [transformers] Both `max_new_tokens` (=200) and `max_length`(=142) seem to have been set. `max_new_tokens` will take precedence. Please refer to the documentation for more information. (https://huggingface.co/docs/transformers/main/en/main_classes/text_generation)
6202.6s 340 [transformers] Both `max_new_tokens` (=200) and `max_length`(=142) seem to have been set. `max_new_tokens` will take precedence. Please refer to the documentation for more information. (https://huggingface.co/docs/transformers/main/en/main_classes/text_generation)
6202.6s 341 
6202.6s 342 [transformers] Both `max_new_tokens` (=200) and `max_length`(=142) seem to have been set. `max_new_tokens` will take precedence. Please refer to the documentation for more information. (https://huggingface.co/docs/transformers/main/en/main_classes/text_generation)
6242.5s 343 [transformers] Both `max_new_tokens` (=200) and `max_length`(=142) seem to have been set. `max_new_tokens` will take precedence. Please refer to the documentation for more information. (https://huggingface.co/docs/transformers/main/en/main_classes/text_generation)
6242.5s 344 
6242.5s 345 [transformers] Both `max_new_tokens` (=200) and `max_length`(=142) seem to have been set. `max_new_tokens` will take precedence. Please refer to the documentation for more information. (https://huggingface.co/docs/transformers/main/en/main_classes/text_generation)
6315.2s 346 [transformers] Both `max_new_tokens` (=200) and `max_length`(=142) seem to have been set. `max_new_tokens` will take precedence. Please refer to the documentation for more information. (https://huggingface.co/docs/transformers/main/en/main_classes/text_generation)
6315.2s 347 
6315.2s 348 [transformers] Both `max_new_tokens` (=200) and `max_length`(=142) seem to have been set. `max_new_tokens` will take precedence. Please refer to the documentation for more information. (https://huggingface.co/docs/transformers/main/en/main_classes/text_generation)
6366.4s 349 [transformers] Both `max_new_tokens` (=200) and `max_length`(=142) seem to have been set. `max_new_tokens` will take precedence. Please refer to the documentation for more information. (https://huggingface.co/docs/transformers/main/en/main_classes/text_generation)
6366.4s 350 
6366.4s 351 [transformers] Both `max_new_tokens` (=200) and `max_length`(=142) seem to have been set. `max_new_tokens` will take precedence. Please refer to the documentation for more information. (https://huggingface.co/docs/transformers/main/en/main_classes/text_generation)
6429.5s 352 [transformers] Both `max_new_tokens` (=200) and `max_length`(=142) seem to have been set. `max_new_tokens` will take precedence. Please refer to the documentation for more information. (https://huggingface.co/docs/transformers/main/en/main_classes/text_generation)
6429.5s 353 
6429.5s 354 [transformers] Both `max_new_tokens` (=200) and `max_length`(=142) seem to have been set. `max_new_tokens` will take precedence. Please refer to the documentation for more information. (https://huggingface.co/docs/transformers/main/en/main_classes/text_generation)
6514.6s 355 [transformers] Both `max_new_tokens` (=200) and `max_length`(=142) seem to have been set. `max_new_tokens` will take precedence. Please refer to the documentation for more information. (https://huggingface.co/docs/transformers/main/en/main_classes/text_generation)
6514.6s 356 
6514.6s 357 [transformers] Both `max_new_tokens` (=200) and `max_length`(=142) seem to have been set. `max_new_tokens` will take precedence. Please refer to the documentation for more information. (https://huggingface.co/docs/transformers/main/en/main_classes/text_generation)
6584.3s 358 [transformers] Both `max_new_tokens` (=200) and `max_length`(=142) seem to have been set. `max_new_tokens` will take precedence. Please refer to the documentation for more information. (https://huggingface.co/docs/transformers/main/en/main_classes/text_generation)
6584.3s 359 
6584.3s 360 [transformers] Both `max_new_tokens` (=200) and `max_length`(=142) seem to have been set. `max_new_tokens` will take precedence. Please refer to the documentation for more information. (https://huggingface.co/docs/transformers/main/en/main_classes/text_generation)
6642.3s 361 [transformers] Both `max_new_tokens` (=200) and `max_length`(=142) seem to have been set. `max_new_tokens` will take precedence. Please refer to the documentation for more information. (https://huggingface.co/docs/transformers/main/en/main_classes/text_generation)
6642.3s 362 
6642.3s 363 [transformers] Both `max_new_tokens` (=200) and `max_length`(=142) seem to have been set. `max_new_tokens` will take precedence. Please refer to the documentation for more information. (https://huggingface.co/docs/transformers/main/en/main_classes/text_generation)
6692.4s 364 [transformers] Both `max_new_tokens` (=200) and `max_length`(=142) seem to have been set. `max_new_tokens` will take precedence. Please refer to the documentation for more information. (https://huggingface.co/docs/transformers/main/en/main_classes/text_generation)
6692.4s 365 
6692.4s 366 [transformers] Both `max_new_tokens` (=200) and `max_length`(=142) seem to have been set. `max_new_tokens` will take precedence. Please refer to the documentation for more information. (https://huggingface.co/docs/transformers/main/en/main_classes/text_generation)
6744.9s 367 [transformers] Both `max_new_tokens` (=200) and `max_length`(=142) seem to have been set. `max_new_tokens` will take precedence. Please refer to the documentation for more information. (https://huggingface.co/docs/transformers/main/en/main_classes/text_generation)
6744.9s 368 
6744.9s 369 [transformers] Both `max_new_tokens` (=200) and `max_length`(=142) seem to have been set. `max_new_tokens` will take precedence. Please refer to the documentation for more information. (https://huggingface.co/docs/transformers/main/en/main_classes/text_generation)
6810.5s 370 [transformers] Both `max_new_tokens` (=200) and `max_length`(=142) seem to have been set. `max_new_tokens` will take precedence. Please refer to the documentation for more information. (https://huggingface.co/docs/transformers/main/en/main_classes/text_generation)
6810.5s 371 
6810.5s 372 [transformers] Both `max_new_tokens` (=200) and `max_length`(=142) seem to have been set. `max_new_tokens` will take precedence. Please refer to the documentation for more information. (https://huggingface.co/docs/transformers/main/en/main_classes/text_generation)
6848.2s 373 [transformers] Both `max_new_tokens` (=200) and `max_length`(=142) seem to have been set. `max_new_tokens` will take precedence. Please refer to the documentation for more information. (https://huggingface.co/docs/transformers/main/en/main_classes/text_generation)
6848.2s 374 
6848.2s 375 [transformers] Both `max_new_tokens` (=200) and `max_length`(=142) seem to have been set. `max_new_tokens` will take precedence. Please refer to the documentation for more information. (https://huggingface.co/docs/transformers/main/en/main_classes/text_generation)
6884.9s 376 [transformers] Both `max_new_tokens` (=200) and `max_length`(=142) seem to have been set. `max_new_tokens` will take precedence. Please refer to the documentation for more information. (https://huggingface.co/docs/transformers/main/en/main_classes/text_generation)
6884.9s 377 
6884.9s 378 [transformers] Both `max_new_tokens` (=200) and `max_length`(=142) seem to have been set. `max_new_tokens` will take precedence. Please refer to the documentation for more information. (https://huggingface.co/docs/transformers/main/en/main_classes/text_generation)
6965.1s 379 [transformers] Both `max_new_tokens` (=200) and `max_length`(=142) seem to have been set. `max_new_tokens` will take precedence. Please refer to the documentation for more information. (https://huggingface.co/docs/transformers/main/en/main_classes/text_generation)
6965.1s 380 
6965.1s 381 [transformers] Both `max_new_tokens` (=200) and `max_length`(=142) seem to have been set. `max_new_tokens` will take precedence. Please refer to the documentation for more information. (https://huggingface.co/docs/transformers/main/en/main_classes/text_generation)
7079.6s 382 [transformers] Both `max_new_tokens` (=200) and `max_length`(=142) seem to have been set. `max_new_tokens` will take precedence. Please refer to the documentation for more information. (https://huggingface.co/docs/transformers/main/en/main_classes/text_generation)
7079.6s 383 
7079.6s 384 [transformers] Both `max_new_tokens` (=200) and `max_length`(=142) seem to have been set. `max_new_tokens` will take precedence. Please refer to the documentation for more information. (https://huggingface.co/docs/transformers/main/en/main_classes/text_generation)
7124.4s 385 [transformers] Both `max_new_tokens` (=200) and `max_length`(=142) seem to have been set. `max_new_tokens` will take precedence. Please refer to the documentation for more information. (https://huggingface.co/docs/transformers/main/en/main_classes/text_generation)
7124.4s 386 
7124.4s 387 [transformers] Both `max_new_tokens` (=200) and `max_length`(=142) seem to have been set. `max_new_tokens` will take precedence. Please refer to the documentation for more information. (https://huggingface.co/docs/transformers/main/en/main_classes/text_generation)
7187.6s 388 [transformers] Both `max_new_tokens` (=200) and `max_length`(=142) seem to have been set. `max_new_tokens` will take precedence. Please refer to the documentation for more information. (https://huggingface.co/docs/transformers/main/en/main_classes/text_generation)
7187.6s 389 
7187.6s 390 [transformers] Both `max_new_tokens` (=200) and `max_length`(=142) seem to have been set. `max_new_tokens` will take precedence. Please refer to the documentation for more information. (https://huggingface.co/docs/transformers/main/en/main_classes/text_generation)
7222.1s 391 [transformers] Both `max_new_tokens` (=200) and `max_length`(=142) seem to have been set. `max_new_tokens` will take precedence. Please refer to the documentation for more information. (https://huggingface.co/docs/transformers/main/en/main_classes/text_generation)
7222.1s 392 
7222.1s 393 [transformers] Both `max_new_tokens` (=200) and `max_length`(=142) seem to have been set. `max_new_tokens` will take precedence. Please refer to the documentation for more information. (https://huggingface.co/docs/transformers/main/en/main_classes/text_generation)
7284.8s 394 [transformers] Both `max_new_tokens` (=200) and `max_length`(=142) seem to have been set. `max_new_tokens` will take precedence. Please refer to the documentation for more information. (https://huggingface.co/docs/transformers/main/en/main_classes/text_generation)
7284.8s 395 
7284.8s 396 [transformers] Both `max_new_tokens` (=200) and `max_length`(=142) seem to have been set. `max_new_tokens` will take precedence. Please refer to the documentation for more information. (https://huggingface.co/docs/transformers/main/en/main_classes/text_generation)
7369.5s 397 [transformers] Both `max_new_tokens` (=200) and `max_length`(=142) seem to have been set. `max_new_tokens` will take precedence. Please refer to the documentation for more information. (https://huggingface.co/docs/transformers/main/en/main_classes/text_generation)
7369.5s 398 
7369.5s 399 [transformers] Both `max_new_tokens` (=200) and `max_length`(=142) seem to have been set. `max_new_tokens` will take precedence. Please refer to the documentation for more information. (https://huggingface.co/docs/transformers/main/en/main_classes/text_generation)
7422.7s 400 [transformers] Both `max_new_tokens` (=200) and `max_length`(=142) seem to have been set. `max_new_tokens` will take precedence. Please refer to the documentation for more information. (https://huggingface.co/docs/transformers/main/en/main_classes/text_generation)
7422.7s 401 
7422.7s 402 [transformers] Both `max_new_tokens` (=200) and `max_length`(=142) seem to have been set. `max_new_tokens` will take precedence. Please refer to the documentation for more information. (https://huggingface.co/docs/transformers/main/en/main_classes/text_generation)
7470.8s 403 [transformers] Both `max_new_tokens` (=200) and `max_length`(=142) seem to have been set. `max_new_tokens` will take precedence. Please refer to the documentation for more information. (https://huggingface.co/docs/transformers/main/en/main_classes/text_generation)
7470.8s 404 
7470.8s 405 [transformers] Both `max_new_tokens` (=200) and `max_length`(=142) seem to have been set. `max_new_tokens` will take precedence. Please refer to the documentation for more information. (https://huggingface.co/docs/transformers/main/en/main_classes/text_generation)
7527.8s 406 [transformers] Both `max_new_tokens` (=200) and `max_length`(=142) seem to have been set. `max_new_tokens` will take precedence. Please refer to the documentation for more information. (https://huggingface.co/docs/transformers/main/en/main_classes/text_generation)
7527.8s 407 
7527.8s 408 [transformers] Both `max_new_tokens` (=200) and `max_length`(=142) seem to have been set. `max_new_tokens` will take precedence. Please refer to the documentation for more information. (https://huggingface.co/docs/transformers/main/en/main_classes/text_generation)
7602.8s 409 [transformers] Both `max_new_tokens` (=200) and `max_length`(=142) seem to have been set. `max_new_tokens` will take precedence. Please refer to the documentation for more information. (https://huggingface.co/docs/transformers/main/en/main_classes/text_generation)
7602.8s 410 
7602.8s 411 [transformers] Both `max_new_tokens` (=200) and `max_length`(=142) seem to have been set. `max_new_tokens` will take precedence. Please refer to the documentation for more information. (https://huggingface.co/docs/transformers/main/en/main_classes/text_generation)
7654.7s 412 [transformers] Both `max_new_tokens` (=200) and `max_length`(=142) seem to have been set. `max_new_tokens` will take precedence. Please refer to the documentation for more information. (https://huggingface.co/docs/transformers/main/en/main_classes/text_generation)
7654.7s 413 
7654.7s 414 [transformers] Both `max_new_tokens` (=200) and `max_length`(=142) seem to have been set. `max_new_tokens` will take precedence. Please refer to the documentation for more information. (https://huggingface.co/docs/transformers/main/en/main_classes/text_generation)
7717.1s 415 [transformers] Both `max_new_tokens` (=200) and `max_length`(=142) seem to have been set. `max_new_tokens` will take precedence. Please refer to the documentation for more information. (https://huggingface.co/docs/transformers/main/en/main_classes/text_generation)
7717.1s 416 
7717.1s 417 [transformers] Both `max_new_tokens` (=200) and `max_length`(=142) seem to have been set. `max_new_tokens` will take precedence. Please refer to the documentation for more information. (https://huggingface.co/docs/transformers/main/en/main_classes/text_generation)
7795.6s 418 [transformers] Both `max_new_tokens` (=200) and `max_length`(=142) seem to have been set. `max_new_tokens` will take precedence. Please refer to the documentation for more information. (https://huggingface.co/docs/transformers/main/en/main_classes/text_generation)
7795.6s 419 
7795.6s 420 [transformers] Both `max_new_tokens` (=200) and `max_length`(=142) seem to have been set. `max_new_tokens` will take precedence. Please refer to the documentation for more information. (https://huggingface.co/docs/transformers/main/en/main_classes/text_generation)
7856.8s 421 [transformers] Both `max_new_tokens` (=200) and `max_length`(=142) seem to have been set. `max_new_tokens` will take precedence. Please refer to the documentation for more information. (https://huggingface.co/docs/transformers/main/en/main_classes/text_generation)
7856.8s 422 
7856.8s 423 [transformers] Both `max_new_tokens` (=200) and `max_length`(=142) seem to have been set. `max_new_tokens` will take precedence. Please refer to the documentation for more information. (https://huggingface.co/docs/transformers/main/en/main_classes/text_generation)
7919.0s 424 [transformers] Both `max_new_tokens` (=200) and `max_length`(=142) seem to have been set. `max_new_tokens` will take precedence. Please refer to the documentation for more information. (https://huggingface.co/docs/transformers/main/en/main_classes/text_generation)
7919.0s 425 
7919.0s 426 [transformers] Both `max_new_tokens` (=200) and `max_length`(=142) seem to have been set. `max_new_tokens` will take precedence. Please refer to the documentation for more information. (https://huggingface.co/docs/transformers/main/en/main_classes/text_generation)
7996.3s 427 [transformers] Both `max_new_tokens` (=200) and `max_length`(=142) seem to have been set. `max_new_tokens` will take precedence. Please refer to the documentation for more information. (https://huggingface.co/docs/transformers/main/en/main_classes/text_generation)
7996.3s 428 
7996.3s 429 [transformers] Both `max_new_tokens` (=200) and `max_length`(=142) seem to have been set. `max_new_tokens` will take precedence. Please refer to the documentation for more information. (https://huggingface.co/docs/transformers/main/en/main_classes/text_generation)
8049.7s 430 [transformers] Both `max_new_tokens` (=200) and `max_length`(=142) seem to have been set. `max_new_tokens` will take precedence. Please refer to the documentation for more information. (https://huggingface.co/docs/transformers/main/en/main_classes/text_generation)
8049.7s 431 
8049.7s 432 [transformers] Both `max_new_tokens` (=200) and `max_length`(=142) seem to have been set. `max_new_tokens` will take precedence. Please refer to the documentation for more information. (https://huggingface.co/docs/transformers/main/en/main_classes/text_generation)
8106.5s 433 [transformers] Both `max_new_tokens` (=200) and `max_length`(=142) seem to have been set. `max_new_tokens` will take precedence. Please refer to the documentation for more information. (https://huggingface.co/docs/transformers/main/en/main_classes/text_generation)
8106.5s 434 
8106.5s 435 [transformers] Both `max_new_tokens` (=200) and `max_length`(=142) seem to have been set. `max_new_tokens` will take precedence. Please refer to the documentation for more information. (https://huggingface.co/docs/transformers/main/en/main_classes/text_generation)
8187.8s 436 [transformers] Both `max_new_tokens` (=200) and `max_length`(=142) seem to have been set. `max_new_tokens` will take precedence. Please refer to the documentation for more information. (https://huggingface.co/docs/transformers/main/en/main_classes/text_generation)
8187.8s 437 
8187.8s 438 [transformers] Both `max_new_tokens` (=200) and `max_length`(=142) seem to have been set. `max_new_tokens` will take precedence. Please refer to the documentation for more information. (https://huggingface.co/docs/transformers/main/en/main_classes/text_generation)
8210.9s 439 [transformers] Both `max_new_tokens` (=200) and `max_length`(=142) seem to have been set. `max_new_tokens` will take precedence. Please refer to the documentation for more information. (https://huggingface.co/docs/transformers/main/en/main_classes/text_generation)
8210.9s 440 
8210.9s 441 [transformers] Both `max_new_tokens` (=200) and `max_length`(=142) seem to have been set. `max_new_tokens` will take precedence. Please refer to the documentation for more information. (https://huggingface.co/docs/transformers/main/en/main_classes/text_generation)
8266.0s 442 [transformers] Both `max_new_tokens` (=200) and `max_length`(=142) seem to have been set. `max_new_tokens` will take precedence. Please refer to the documentation for more information. (https://huggingface.co/docs/transformers/main/en/main_classes/text_generation)
8266.0s 443 
8266.0s 444 [transformers] Both `max_new_tokens` (=200) and `max_length`(=142) seem to have been set. `max_new_tokens` will take precedence. Please refer to the documentation for more information. (https://huggingface.co/docs/transformers/main/en/main_classes/text_generation)
8322.5s 445 [transformers] Both `max_new_tokens` (=200) and `max_length`(=142) seem to have been set. `max_new_tokens` will take precedence. Please refer to the documentation for more information. (https://huggingface.co/docs/transformers/main/en/main_classes/text_generation)
8322.5s 446 
8322.5s 447 [transformers] Both `max_new_tokens` (=200) and `max_length`(=142) seem to have been set. `max_new_tokens` will take precedence. Please refer to the documentation for more information. (https://huggingface.co/docs/transformers/main/en/main_classes/text_generation)
8363.2s 448 [transformers] Both `max_new_tokens` (=200) and `max_length`(=142) seem to have been set. `max_new_tokens` will take precedence. Please refer to the documentation for more information. (https://huggingface.co/docs/transformers/main/en/main_classes/text_generation)
8363.2s 449 
8363.2s 450 [transformers] Both `max_new_tokens` (=200) and `max_length`(=142) seem to have been set. `max_new_tokens` will take precedence. Please refer to the documentation for more information. (https://huggingface.co/docs/transformers/main/en/main_classes/text_generation)
8390.8s 451 [transformers] Both `max_new_tokens` (=200) and `max_length`(=142) seem to have been set. `max_new_tokens` will take precedence. Please refer to the documentation for more information. (https://huggingface.co/docs/transformers/main/en/main_classes/text_generation)
8390.8s 452 
8390.8s 453 [transformers] Both `max_new_tokens` (=200) and `max_length`(=142) seem to have been set. `max_new_tokens` will take precedence. Please refer to the documentation for more information. (https://huggingface.co/docs/transformers/main/en/main_classes/text_generation)
8457.1s 454 [transformers] Both `max_new_tokens` (=200) and `max_length`(=142) seem to have been set. `max_new_tokens` will take precedence. Please refer to the documentation for more information. (https://huggingface.co/docs/transformers/main/en/main_classes/text_generation)
8457.1s 455 
8457.1s 456 [transformers] Both `max_new_tokens` (=200) and `max_length`(=142) seem to have been set. `max_new_tokens` will take precedence. Please refer to the documentation for more information. (https://huggingface.co/docs/transformers/main/en/main_classes/text_generation)
8500.1s 457 [transformers] Both `max_new_tokens` (=200) and `max_length`(=142) seem to have been set. `max_new_tokens` will take precedence. Please refer to the documentation for more information. (https://huggingface.co/docs/transformers/main/en/main_classes/text_generation)
8500.1s 458 
8500.1s 459 [transformers] Both `max_new_tokens` (=200) and `max_length`(=142) seem to have been set. `max_new_tokens` will take precedence. Please refer to the documentation for more information. (https://huggingface.co/docs/transformers/main/en/main_classes/text_generation)
8538.6s 460 [transformers] Both `max_new_tokens` (=200) and `max_length`(=142) seem to have been set. `max_new_tokens` will take precedence. Please refer to the documentation for more information. (https://huggingface.co/docs/transformers/main/en/main_classes/text_generation)
8538.6s 461 
8538.6s 462 [transformers] Both `max_new_tokens` (=200) and `max_length`(=142) seem to have been set. `max_new_tokens` will take precedence. Please refer to the documentation for more information. (https://huggingface.co/docs/transformers/main/en/main_classes/text_generation)
8590.7s 463 [transformers] Both `max_new_tokens` (=200) and `max_length`(=142) seem to have been set. `max_new_tokens` will take precedence. Please refer to the documentation for more information. (https://huggingface.co/docs/transformers/main/en/main_classes/text_generation)
8590.7s 464 
8590.7s 465 [transformers] Both `max_new_tokens` (=200) and `max_length`(=142) seem to have been set. `max_new_tokens` will take precedence. Please refer to the documentation for more information. (https://huggingface.co/docs/transformers/main/en/main_classes/text_generation)
8657.8s 466 [transformers] Both `max_new_tokens` (=200) and `max_length`(=142) seem to have been set. `max_new_tokens` will take precedence. Please refer to the documentation for more information. (https://huggingface.co/docs/transformers/main/en/main_classes/text_generation)
8657.8s 467 
8657.8s 468 [transformers] Both `max_new_tokens` (=200) and `max_length`(=142) seem to have been set. `max_new_tokens` will take precedence. Please refer to the documentation for more information. (https://huggingface.co/docs/transformers/main/en/main_classes/text_generation)
8732.4s 469 [transformers] Both `max_new_tokens` (=200) and `max_length`(=142) seem to have been set. `max_new_tokens` will take precedence. Please refer to the documentation for more information. (https://huggingface.co/docs/transformers/main/en/main_classes/text_generation)
8732.4s 470 
8732.4s 471 [transformers] Both `max_new_tokens` (=200) and `max_length`(=142) seem to have been set. `max_new_tokens` will take precedence. Please refer to the documentation for more information. (https://huggingface.co/docs/transformers/main/en/main_classes/text_generation)
8803.5s 472 [transformers] Both `max_new_tokens` (=200) and `max_length`(=142) seem to have been set. `max_new_tokens` will take precedence. Please refer to the documentation for more information. (https://huggingface.co/docs/transformers/main/en/main_classes/text_generation)
8803.5s 473 
8803.5s 474 [transformers] Both `max_new_tokens` (=200) and `max_length`(=142) seem to have been set. `max_new_tokens` will take precedence. Please refer to the documentation for more information. (https://huggingface.co/docs/transformers/main/en/main_classes/text_generation)
8881.3s 475 [transformers] Both `max_new_tokens` (=200) and `max_length`(=142) seem to have been set. `max_new_tokens` will take precedence. Please refer to the documentation for more information. (https://huggingface.co/docs/transformers/main/en/main_classes/text_generation)
8881.3s 476 
8881.3s 477 [transformers] Both `max_new_tokens` (=200) and `max_length`(=142) seem to have been set. `max_new_tokens` will take precedence. Please refer to the documentation for more information. (https://huggingface.co/docs/transformers/main/en/main_classes/text_generation)
8942.8s 478 [transformers] Both `max_new_tokens` (=200) and `max_length`(=142) seem to have been set. `max_new_tokens` will take precedence. Please refer to the documentation for more information. (https://huggingface.co/docs/transformers/main/en/main_classes/text_generation)
8942.8s 479 
8942.8s 480 [transformers] Both `max_new_tokens` (=200) and `max_length`(=142) seem to have been set. `max_new_tokens` will take precedence. Please refer to the documentation for more information. (https://huggingface.co/docs/transformers/main/en/main_classes/text_generation)
9009.1s 481 [transformers] Both `max_new_tokens` (=200) and `max_length`(=142) seem to have been set. `max_new_tokens` will take precedence. Please refer to the documentation for more information. (https://huggingface.co/docs/transformers/main/en/main_classes/text_generation)
9009.1s 482 
9009.1s 483 [transformers] Both `max_new_tokens` (=200) and `max_length`(=142) seem to have been set. `max_new_tokens` will take precedence. Please refer to the documentation for more information. (https://huggingface.co/docs/transformers/main/en/main_classes/text_generation)
9052.1s 484 [transformers] Both `max_new_tokens` (=200) and `max_length`(=142) seem to have been set. `max_new_tokens` will take precedence. Please refer to the documentation for more information. (https://huggingface.co/docs/transformers/main/en/main_classes/text_generation)
9052.1s 485 
9052.1s 486 [transformers] Both `max_new_tokens` (=200) and `max_length`(=142) seem to have been set. `max_new_tokens` will take precedence. Please refer to the documentation for more information. (https://huggingface.co/docs/transformers/main/en/main_classes/text_generation)
9094.3s 487 [transformers] Both `max_new_tokens` (=200) and `max_length`(=142) seem to have been set. `max_new_tokens` will take precedence. Please refer to the documentation for more information. (https://huggingface.co/docs/transformers/main/en/main_classes/text_generation)
9094.3s 488 
9094.3s 489 [transformers] Both `max_new_tokens` (=200) and `max_length`(=142) seem to have been set. `max_new_tokens` will take precedence. Please refer to the documentation for more information. (https://huggingface.co/docs/transformers/main/en/main_classes/text_generation)
9157.2s 490 [transformers] Both `max_new_tokens` (=200) and `max_length`(=142) seem to have been set. `max_new_tokens` will take precedence. Please refer to the documentation for more information. (https://huggingface.co/docs/transformers/main/en/main_classes/text_generation)
9157.2s 491 
9157.2s 492 [transformers] Both `max_new_tokens` (=200) and `max_length`(=142) seem to have been set. `max_new_tokens` will take precedence. Please refer to the documentation for more information. (https://huggingface.co/docs/transformers/main/en/main_classes/text_generation)
9200.2s 493 [transformers] Both `max_new_tokens` (=200) and `max_length`(=142) seem to have been set. `max_new_tokens` will take precedence. Please refer to the documentation for more information. (https://huggingface.co/docs/transformers/main/en/main_classes/text_generation)
9200.2s 494 
9200.2s 495 [transformers] Both `max_new_tokens` (=200) and `max_length`(=142) seem to have been set. `max_new_tokens` will take precedence. Please refer to the documentation for more information. (https://huggingface.co/docs/transformers/main/en/main_classes/text_generation)
9276.9s 496 [transformers] Both `max_new_tokens` (=200) and `max_length`(=142) seem to have been set. `max_new_tokens` will take precedence. Please refer to the documentation for more information. (https://huggingface.co/docs/transformers/main/en/main_classes/text_generation)
9276.9s 497 
9276.9s 498 [transformers] Both `max_new_tokens` (=200) and `max_length`(=142) seem to have been set. `max_new_tokens` will take precedence. Please refer to the documentation for more information. (https://huggingface.co/docs/transformers/main/en/main_classes/text_generation)
9325.0s 499 [transformers] Both `max_new_tokens` (=200) and `max_length`(=142) seem to have been set. `max_new_tokens` will take precedence. Please refer to the documentation for more information. (https://huggingface.co/docs/transformers/main/en/main_classes/text_generation)
9325.0s 500 
9325.0s 501 [transformers] Both `max_new_tokens` (=200) and `max_length`(=142) seem to have been set. `max_new_tokens` will take precedence. Please refer to the documentation for more information. (https://huggingface.co/docs/transformers/main/en/main_classes/text_generation)
9379.1s 502 [transformers] Both `max_new_tokens` (=200) and `max_length`(=142) seem to have been set. `max_new_tokens` will take precedence. Please refer to the documentation for more information. (https://huggingface.co/docs/transformers/main/en/main_classes/text_generation)
9379.1s 503 
9379.1s 504 [transformers] Both `max_new_tokens` (=200) and `max_length`(=142) seem to have been set. `max_new_tokens` will take precedence. Please refer to the documentation for more information. (https://huggingface.co/docs/transformers/main/en/main_classes/text_generation)
9438.0s 505 [transformers] Both `max_new_tokens` (=200) and `max_length`(=142) seem to have been set. `max_new_tokens` will take precedence. Please refer to the documentation for more information. (https://huggingface.co/docs/transformers/main/en/main_classes/text_generation)
9438.0s 506 
9438.0s 507 [transformers] Both `max_new_tokens` (=200) and `max_length`(=142) seem to have been set. `max_new_tokens` will take precedence. Please refer to the documentation for more information. (https://huggingface.co/docs/transformers/main/en/main_classes/text_generation)
9516.5s 508 [transformers] Both `max_new_tokens` (=200) and `max_length`(=142) seem to have been set. `max_new_tokens` will take precedence. Please refer to the documentation for more information. (https://huggingface.co/docs/transformers/main/en/main_classes/text_generation)
9516.5s 509 
9516.5s 510 [transformers] Both `max_new_tokens` (=200) and `max_length`(=142) seem to have been set. `max_new_tokens` will take precedence. Please refer to the documentation for more information. (https://huggingface.co/docs/transformers/main/en/main_classes/text_generation)
9585.7s 511 [transformers] Both `max_new_tokens` (=200) and `max_length`(=142) seem to have been set. `max_new_tokens` will take precedence. Please refer to the documentation for more information. (https://huggingface.co/docs/transformers/main/en/main_classes/text_generation)
9585.7s 512 
9585.7s 513 [transformers] Both `max_new_tokens` (=200) and `max_length`(=142) seem to have been set. `max_new_tokens` will take precedence. Please refer to the documentation for more information. (https://huggingface.co/docs/transformers/main/en/main_classes/text_generation)
9634.3s 514 [transformers] Both `max_new_tokens` (=200) and `max_length`(=142) seem to have been set. `max_new_tokens` will take precedence. Please refer to the documentation for more information. (https://huggingface.co/docs/transformers/main/en/main_classes/text_generation)
9634.3s 515 
9634.3s 516 [transformers] Both `max_new_tokens` (=200) and `max_length`(=142) seem to have been set. `max_new_tokens` will take precedence. Please refer to the documentation for more information. (https://huggingface.co/docs/transformers/main/en/main_classes/text_generation)
9695.6s 517 [transformers] Both `max_new_tokens` (=200) and `max_length`(=142) seem to have been set. `max_new_tokens` will take precedence. Please refer to the documentation for more information. (https://huggingface.co/docs/transformers/main/en/main_classes/text_generation)
9695.6s 518 
9695.6s 519 [transformers] Both `max_new_tokens` (=200) and `max_length`(=142) seem to have been set. `max_new_tokens` will take precedence. Please refer to the documentation for more information. (https://huggingface.co/docs/transformers/main/en/main_classes/text_generation)
9733.0s 520 [transformers] Both `max_new_tokens` (=200) and `max_length`(=142) seem to have been set. `max_new_tokens` will take precedence. Please refer to the documentation for more information. (https://huggingface.co/docs/transformers/main/en/main_classes/text_generation)
9733.0s 521 
9733.0s 522 [transformers] Both `max_new_tokens` (=200) and `max_length`(=142) seem to have been set. `max_new_tokens` will take precedence. Please refer to the documentation for more information. (https://huggingface.co/docs/transformers/main/en/main_classes/text_generation)
9792.9s 523 [transformers] Both `max_new_tokens` (=200) and `max_length`(=142) seem to have been set. `max_new_tokens` will take precedence. Please refer to the documentation for more information. (https://huggingface.co/docs/transformers/main/en/main_classes/text_generation)
9792.9s 524 
9792.9s 525 [transformers] Both `max_new_tokens` (=200) and `max_length`(=142) seem to have been set. `max_new_tokens` will take precedence. Please refer to the documentation for more information. (https://huggingface.co/docs/transformers/main/en/main_classes/text_generation)
9850.2s 526 [transformers] Both `max_new_tokens` (=200) and `max_length`(=142) seem to have been set. `max_new_tokens` will take precedence. Please refer to the documentation for more information. (https://huggingface.co/docs/transformers/main/en/main_classes/text_generation)
9850.2s 527 
9850.2s 528 [transformers] Both `max_new_tokens` (=200) and `max_length`(=142) seem to have been set. `max_new_tokens` will take precedence. Please refer to the documentation for more information. (https://huggingface.co/docs/transformers/main/en/main_classes/text_generation)
9888.6s 529 [transformers] Both `max_new_tokens` (=200) and `max_length`(=142) seem to have been set. `max_new_tokens` will take precedence. Please refer to the documentation for more information. (https://huggingface.co/docs/transformers/main/en/main_classes/text_generation)
9888.6s 530 
9888.6s 531 [transformers] Both `max_new_tokens` (=200) and `max_length`(=142) seem to have been set. `max_new_tokens` will take precedence. Please refer to the documentation for more information. (https://huggingface.co/docs/transformers/main/en/main_classes/text_generation)
9973.2s 532 [transformers] Both `max_new_tokens` (=200) and `max_length`(=142) seem to have been set. `max_new_tokens` will take precedence. Please refer to the documentation for more information. (https://huggingface.co/docs/transformers/main/en/main_classes/text_generation)
9973.2s 533 
9973.2s 534 [transformers] Both `max_new_tokens` (=200) and `max_length`(=142) seem to have been set. `max_new_tokens` will take precedence. Please refer to the documentation for more information. (https://huggingface.co/docs/transformers/main/en/main_classes/text_generation)
10057.6s 535 [transformers] Both `max_new_tokens` (=200) and `max_length`(=142) seem to have been set. `max_new_tokens` will take precedence. Please refer to the documentation for more information. (https://huggingface.co/docs/transformers/main/en/main_classes/text_generation)
10057.6s 536 
10057.6s 537 [transformers] Both `max_new_tokens` (=200) and `max_length`(=142) seem to have been set. `max_new_tokens` will take precedence. Please refer to the documentation for more information. (https://huggingface.co/docs/transformers/main/en/main_classes/text_generation)
10098.2s 538 [transformers] Both `max_new_tokens` (=200) and `max_length`(=142) seem to have been set. `max_new_tokens` will take precedence. Please refer to the documentation for more information. (https://huggingface.co/docs/transformers/main/en/main_classes/text_generation)
10098.2s 539 
10098.2s 540 [transformers] Both `max_new_tokens` (=200) and `max_length`(=142) seem to have been set. `max_new_tokens` will take precedence. Please refer to the documentation for more information. (https://huggingface.co/docs/transformers/main/en/main_classes/text_generation)
10164.5s 541 [transformers] Both `max_new_tokens` (=200) and `max_length`(=142) seem to have been set. `max_new_tokens` will take precedence. Please refer to the documentation for more information. (https://huggingface.co/docs/transformers/main/en/main_classes/text_generation)
10164.5s 542 
10164.5s 543 [transformers] Both `max_new_tokens` (=200) and `max_length`(=142) seem to have been set. `max_new_tokens` will take precedence. Please refer to the documentation for more information. (https://huggingface.co/docs/transformers/main/en/main_classes/text_generation)
10221.2s 544 [transformers] Both `max_new_tokens` (=200) and `max_length`(=142) seem to have been set. `max_new_tokens` will take precedence. Please refer to the documentation for more information. (https://huggingface.co/docs/transformers/main/en/main_classes/text_generation)
10221.2s 545 
10221.2s 546 [transformers] Both `max_new_tokens` (=200) and `max_length`(=142) seem to have been set. `max_new_tokens` will take precedence. Please refer to the documentation for more information. (https://huggingface.co/docs/transformers/main/en/main_classes/text_generation)
10257.4s 547 [transformers] Both `max_new_tokens` (=200) and `max_length`(=142) seem to have been set. `max_new_tokens` will take precedence. Please refer to the documentation for more information. (https://huggingface.co/docs/transformers/main/en/main_classes/text_generation)
10257.4s 548 
10257.4s 549 [transformers] Both `max_new_tokens` (=200) and `max_length`(=142) seem to have been set. `max_new_tokens` will take precedence. Please refer to the documentation for more information. (https://huggingface.co/docs/transformers/main/en/main_classes/text_generation)
10301.4s 550 [transformers] Both `max_new_tokens` (=200) and `max_length`(=142) seem to have been set. `max_new_tokens` will take precedence. Please refer to the documentation for more information. (https://huggingface.co/docs/transformers/main/en/main_classes/text_generation)
10301.4s 551 
10301.4s 552 [transformers] Both `max_new_tokens` (=200) and `max_length`(=142) seem to have been set. `max_new_tokens` will take precedence. Please refer to the documentation for more information. (https://huggingface.co/docs/transformers/main/en/main_classes/text_generation)
10347.0s 553 [transformers] Both `max_new_tokens` (=200) and `max_length`(=142) seem to have been set. `max_new_tokens` will take precedence. Please refer to the documentation for more information. (https://huggingface.co/docs/transformers/main/en/main_classes/text_generation)
10347.0s 554 
10347.0s 555 [transformers] Both `max_new_tokens` (=200) and `max_length`(=142) seem to have been set. `max_new_tokens` will take precedence. Please refer to the documentation for more information. (https://huggingface.co/docs/transformers/main/en/main_classes/text_generation)
10418.0s 556 [transformers] Both `max_new_tokens` (=200) and `max_length`(=142) seem to have been set. `max_new_tokens` will take precedence. Please refer to the documentation for more information. (https://huggingface.co/docs/transformers/main/en/main_classes/text_generation)
10418.0s 557 
10418.0s 558 [transformers] Both `max_new_tokens` (=200) and `max_length`(=142) seem to have been set. `max_new_tokens` will take precedence. Please refer to the documentation for more information. (https://huggingface.co/docs/transformers/main/en/main_classes/text_generation)
10484.7s 559 [transformers] Both `max_new_tokens` (=200) and `max_length`(=142) seem to have been set. `max_new_tokens` will take precedence. Please refer to the documentation for more information. (https://huggingface.co/docs/transformers/main/en/main_classes/text_generation)
10484.7s 560 
10484.7s 561 [transformers] Both `max_new_tokens` (=200) and `max_length`(=142) seem to have been set. `max_new_tokens` will take precedence. Please refer to the documentation for more information. (https://huggingface.co/docs/transformers/main/en/main_classes/text_generation)
10530.6s 562 [transformers] Both `max_new_tokens` (=200) and `max_length`(=142) seem to have been set. `max_new_tokens` will take precedence. Please refer to the documentation for more information. (https://huggingface.co/docs/transformers/main/en/main_classes/text_generation)
10530.6s 563 
10530.6s 564 [transformers] Both `max_new_tokens` (=200) and `max_length`(=142) seem to have been set. `max_new_tokens` will take precedence. Please refer to the documentation for more information. (https://huggingface.co/docs/transformers/main/en/main_classes/text_generation)
10585.2s 565 [transformers] Both `max_new_tokens` (=200) and `max_length`(=142) seem to have been set. `max_new_tokens` will take precedence. Please refer to the documentation for more information. (https://huggingface.co/docs/transformers/main/en/main_classes/text_generation)
10585.2s 566 
10585.2s 567 [transformers] Both `max_new_tokens` (=200) and `max_length`(=142) seem to have been set. `max_new_tokens` will take precedence. Please refer to the documentation for more information. (https://huggingface.co/docs/transformers/main/en/main_classes/text_generation)
10636.2s 568 [transformers] Both `max_new_tokens` (=200) and `max_length`(=142) seem to have been set. `max_new_tokens` will take precedence. Please refer to the documentation for more information. (https://huggingface.co/docs/transformers/main/en/main_classes/text_generation)
10636.2s 569 
10636.2s 570 [transformers] Both `max_new_tokens` (=200) and `max_length`(=142) seem to have been set. `max_new_tokens` will take precedence. Please refer to the documentation for more information. (https://huggingface.co/docs/transformers/main/en/main_classes/text_generation)
10682.4s 571 [transformers] Both `max_new_tokens` (=200) and `max_length`(=142) seem to have been set. `max_new_tokens` will take precedence. Please refer to the documentation for more information. (https://huggingface.co/docs/transformers/main/en/main_classes/text_generation)
10682.4s 572 
10682.4s 573 [transformers] Both `max_new_tokens` (=200) and `max_length`(=142) seem to have been set. `max_new_tokens` will take precedence. Please refer to the documentation for more information. (https://huggingface.co/docs/transformers/main/en/main_classes/text_generation)
10739.8s 574 [transformers] Both `max_new_tokens` (=200) and `max_length`(=142) seem to have been set. `max_new_tokens` will take precedence. Please refer to the documentation for more information. (https://huggingface.co/docs/transformers/main/en/main_classes/text_generation)
10739.8s 575 
10739.8s 576 [transformers] Both `max_new_tokens` (=200) and `max_length`(=142) seem to have been set. `max_new_tokens` will take precedence. Please refer to the documentation for more information. (https://huggingface.co/docs/transformers/main/en/main_classes/text_generation)
10799.0s 577 [transformers] Both `max_new_tokens` (=200) and `max_length`(=142) seem to have been set. `max_new_tokens` will take precedence. Please refer to the documentation for more information. (https://huggingface.co/docs/transformers/main/en/main_classes/text_generation)
10799.0s 578 
10799.0s 579 [transformers] Both `max_new_tokens` (=200) and `max_length`(=142) seem to have been set. `max_new_tokens` will take precedence. Please refer to the documentation for more information. (https://huggingface.co/docs/transformers/main/en/main_classes/text_generation)
10861.6s 580 [transformers] Both `max_new_tokens` (=200) and `max_length`(=142) seem to have been set. `max_new_tokens` will take precedence. Please refer to the documentation for more information. (https://huggingface.co/docs/transformers/main/en/main_classes/text_generation)
10861.6s 581 
10861.6s 582 [transformers] Both `max_new_tokens` (=200) and `max_length`(=142) seem to have been set. `max_new_tokens` will take precedence. Please refer to the documentation for more information. (https://huggingface.co/docs/transformers/main/en/main_classes/text_generation)
10898.9s 583 [transformers] Both `max_new_tokens` (=200) and `max_length`(=142) seem to have been set. `max_new_tokens` will take precedence. Please refer to the documentation for more information. (https://huggingface.co/docs/transformers/main/en/main_classes/text_generation)
10898.9s 584 
10898.9s 585 [transformers] Both `max_new_tokens` (=200) and `max_length`(=142) seem to have been set. `max_new_tokens` will take precedence. Please refer to the documentation for more information. (https://huggingface.co/docs/transformers/main/en/main_classes/text_generation)
10960.1s 586 [transformers] Both `max_new_tokens` (=200) and `max_length`(=142) seem to have been set. `max_new_tokens` will take precedence. Please refer to the documentation for more information. (https://huggingface.co/docs/transformers/main/en/main_classes/text_generation)
10960.1s 587 
10960.1s 588 [transformers] Both `max_new_tokens` (=200) and `max_length`(=142) seem to have been set. `max_new_tokens` will take precedence. Please refer to the documentation for more information. (https://huggingface.co/docs/transformers/main/en/main_classes/text_generation)
11020.3s 589 [transformers] Both `max_new_tokens` (=200) and `max_length`(=142) seem to have been set. `max_new_tokens` will take precedence. Please refer to the documentation for more information. (https://huggingface.co/docs/transformers/main/en/main_classes/text_generation)
11020.3s 590 
11020.3s 591 [transformers] Both `max_new_tokens` (=200) and `max_length`(=142) seem to have been set. `max_new_tokens` will take precedence. Please refer to the documentation for more information. (https://huggingface.co/docs/transformers/main/en/main_classes/text_generation)
11067.2s 592 [transformers] Both `max_new_tokens` (=200) and `max_length`(=142) seem to have been set. `max_new_tokens` will take precedence. Please refer to the documentation for more information. (https://huggingface.co/docs/transformers/main/en/main_classes/text_generation)
11067.2s 593 
11067.2s 594 [transformers] Both `max_new_tokens` (=200) and `max_length`(=142) seem to have been set. `max_new_tokens` will take precedence. Please refer to the documentation for more information. (https://huggingface.co/docs/transformers/main/en/main_classes/text_generation)
11110.1s 595 [transformers] Both `max_new_tokens` (=200) and `max_length`(=142) seem to have been set. `max_new_tokens` will take precedence. Please refer to the documentation for more information. (https://huggingface.co/docs/transformers/main/en/main_classes/text_generation)
11110.1s 596 
11110.1s 597 [transformers] Both `max_new_tokens` (=200) and `max_length`(=142) seem to have been set. `max_new_tokens` will take precedence. Please refer to the documentation for more information. (https://huggingface.co/docs/transformers/main/en/main_classes/text_generation)
11183.9s 598 [transformers] Both `max_new_tokens` (=200) and `max_length`(=142) seem to have been set. `max_new_tokens` will take precedence. Please refer to the documentation for more information. (https://huggingface.co/docs/transformers/main/en/main_classes/text_generation)
11183.9s 599 
11183.9s 600 [transformers] Both `max_new_tokens` (=200) and `max_length`(=142) seem to have been set. `max_new_tokens` will take precedence. Please refer to the documentation for more information. (https://huggingface.co/docs/transformers/main/en/main_classes/text_generation)
11238.9s 601 [transformers] Both `max_new_tokens` (=200) and `max_length`(=142) seem to have been set. `max_new_tokens` will take precedence. Please refer to the documentation for more information. (https://huggingface.co/docs/transformers/main/en/main_classes/text_generation)
11238.9s 602 
11238.9s 603 [transformers] Both `max_new_tokens` (=200) and `max_length`(=142) seem to have been set. `max_new_tokens` will take precedence. Please refer to the documentation for more information. (https://huggingface.co/docs/transformers/main/en/main_classes/text_generation)
11299.1s 604 [transformers] Both `max_new_tokens` (=200) and `max_length`(=142) seem to have been set. `max_new_tokens` will take precedence. Please refer to the documentation for more information. (https://huggingface.co/docs/transformers/main/en/main_classes/text_generation)
11299.1s 605 
11299.1s 606 [transformers] Both `max_new_tokens` (=200) and `max_length`(=142) seem to have been set. `max_new_tokens` will take precedence. Please refer to the documentation for more information. (https://huggingface.co/docs/transformers/main/en/main_classes/text_generation)
11351.3s 607 [transformers] Both `max_new_tokens` (=200) and `max_length`(=142) seem to have been set. `max_new_tokens` will take precedence. Please refer to the documentation for more information. (https://huggingface.co/docs/transformers/main/en/main_classes/text_generation)
11351.3s 608 
11351.3s 609 [transformers] Both `max_new_tokens` (=200) and `max_length`(=142) seem to have been set. `max_new_tokens` will take precedence. Please refer to the documentation for more information. (https://huggingface.co/docs/transformers/main/en/main_classes/text_generation)
11459.3s 610 [transformers] Both `max_new_tokens` (=200) and `max_length`(=142) seem to have been set. `max_new_tokens` will take precedence. Please refer to the documentation for more information. (https://huggingface.co/docs/transformers/main/en/main_classes/text_generation)
11459.3s 611 
11459.3s 612 [transformers] Both `max_new_tokens` (=200) and `max_length`(=142) seem to have been set. `max_new_tokens` will take precedence. Please refer to the documentation for more information. (https://huggingface.co/docs/transformers/main/en/main_classes/text_generation)
11508.4s 613 [transformers] Both `max_new_tokens` (=200) and `max_length`(=142) seem to have been set. `max_new_tokens` will take precedence. Please refer to the documentation for more information. (https://huggingface.co/docs/transformers/main/en/main_classes/text_generation)
11508.4s 614 
11508.4s 615 [transformers] Both `max_new_tokens` (=200) and `max_length`(=142) seem to have been set. `max_new_tokens` will take precedence. Please refer to the documentation for more information. (https://huggingface.co/docs/transformers/main/en/main_classes/text_generation)
11581.4s 616 [transformers] Both `max_new_tokens` (=200) and `max_length`(=142) seem to have been set. `max_new_tokens` will take precedence. Please refer to the documentation for more information. (https://huggingface.co/docs/transformers/main/en/main_classes/text_generation)
11581.4s 617 
11581.4s 618 [transformers] Both `max_new_tokens` (=200) and `max_length`(=142) seem to have been set. `max_new_tokens` will take precedence. Please refer to the documentation for more information. (https://huggingface.co/docs/transformers/main/en/main_classes/text_generation)
11676.3s 619 [transformers] Both `max_new_tokens` (=200) and `max_length`(=142) seem to have been set. `max_new_tokens` will take precedence. Please refer to the documentation for more information. (https://huggingface.co/docs/transformers/main/en/main_classes/text_generation)
11676.3s 620 
11676.3s 621 [transformers] Both `max_new_tokens` (=200) and `max_length`(=142) seem to have been set. `max_new_tokens` will take precedence. Please refer to the documentation for more information. (https://huggingface.co/docs/transformers/main/en/main_classes/text_generation)
11742.1s 622 [transformers] Both `max_new_tokens` (=200) and `max_length`(=142) seem to have been set. `max_new_tokens` will take precedence. Please refer to the documentation for more information. (https://huggingface.co/docs/transformers/main/en/main_classes/text_generation)
11742.1s 623 
11742.1s 624 [transformers] Both `max_new_tokens` (=200) and `max_length`(=142) seem to have been set. `max_new_tokens` will take precedence. Please refer to the documentation for more information. (https://huggingface.co/docs/transformers/main/en/main_classes/text_generation)
11788.2s 625 [transformers] Both `max_new_tokens` (=200) and `max_length`(=142) seem to have been set. `max_new_tokens` will take precedence. Please refer to the documentation for more information. (https://huggingface.co/docs/transformers/main/en/main_classes/text_generation)
11788.2s 626 
11788.2s 627 [transformers] Both `max_new_tokens` (=200) and `max_length`(=142) seem to have been set. `max_new_tokens` will take precedence. Please refer to the documentation for more information. (https://huggingface.co/docs/transformers/main/en/main_classes/text_generation)
11854.7s 628 [transformers] Both `max_new_tokens` (=200) and `max_length`(=142) seem to have been set. `max_new_tokens` will take precedence. Please refer to the documentation for more information. (https://huggingface.co/docs/transformers/main/en/main_classes/text_generation)
11854.7s 629 
11854.7s 630 [transformers] Both `max_new_tokens` (=200) and `max_length`(=142) seem to have been set. `max_new_tokens` will take precedence. Please refer to the documentation for more information. (https://huggingface.co/docs/transformers/main/en/main_classes/text_generation)
11907.1s 631 [transformers] Both `max_new_tokens` (=200) and `max_length`(=142) seem to have been set. `max_new_tokens` will take precedence. Please refer to the documentation for more information. (https://huggingface.co/docs/transformers/main/en/main_classes/text_generation)
11907.1s 632 
11907.1s 633 [transformers] Both `max_new_tokens` (=200) and `max_length`(=142) seem to have been set. `max_new_tokens` will take precedence. Please refer to the documentation for more information. (https://huggingface.co/docs/transformers/main/en/main_classes/text_generation)
11957.3s 634 [transformers] Both `max_new_tokens` (=200) and `max_length`(=142) seem to have been set. `max_new_tokens` will take precedence. Please refer to the documentation for more information. (https://huggingface.co/docs/transformers/main/en/main_classes/text_generation)
11957.3s 635 
11957.3s 636 [transformers] Both `max_new_tokens` (=200) and `max_length`(=142) seem to have been set. `max_new_tokens` will take precedence. Please refer to the documentation for more information. (https://huggingface.co/docs/transformers/main/en/main_classes/text_generation)
12014.3s 637 [transformers] Both `max_new_tokens` (=200) and `max_length`(=142) seem to have been set. `max_new_tokens` will take precedence. Please refer to the documentation for more information. (https://huggingface.co/docs/transformers/main/en/main_classes/text_generation)
12014.3s 638 
12014.3s 639 [transformers] Both `max_new_tokens` (=200) and `max_length`(=142) seem to have been set. `max_new_tokens` will take precedence. Please refer to the documentation for more information. (https://huggingface.co/docs/transformers/main/en/main_classes/text_generation)
12051.7s 640 [transformers] Both `max_new_tokens` (=200) and `max_length`(=142) seem to have been set. `max_new_tokens` will take precedence. Please refer to the documentation for more information. (https://huggingface.co/docs/transformers/main/en/main_classes/text_generation)
12051.7s 641 
12051.7s 642 [transformers] Both `max_new_tokens` (=200) and `max_length`(=142) seem to have been set. `max_new_tokens` will take precedence. Please refer to the documentation for more information. (https://huggingface.co/docs/transformers/main/en/main_classes/text_generation)
12110.4s 643 [transformers] Both `max_new_tokens` (=200) and `max_length`(=142) seem to have been set. `max_new_tokens` will take precedence. Please refer to the documentation for more information. (https://huggingface.co/docs/transformers/main/en/main_classes/text_generation)
12110.4s 644 
12110.4s 645 [transformers] Both `max_new_tokens` (=200) and `max_length`(=142) seem to have been set. `max_new_tokens` will take precedence. Please refer to the documentation for more information. (https://huggingface.co/docs/transformers/main/en/main_classes/text_generation)
12161.9s 646 [transformers] Both `max_new_tokens` (=200) and `max_length`(=142) seem to have been set. `max_new_tokens` will take precedence. Please refer to the documentation for more information. (https://huggingface.co/docs/transformers/main/en/main_classes/text_generation)
12161.9s 647 
12161.9s 648 [transformers] Both `max_new_tokens` (=200) and `max_length`(=142) seem to have been set. `max_new_tokens` will take precedence. Please refer to the documentation for more information. (https://huggingface.co/docs/transformers/main/en/main_classes/text_generation)
12210.9s 649 [transformers] Both `max_new_tokens` (=200) and `max_length`(=142) seem to have been set. `max_new_tokens` will take precedence. Please refer to the documentation for more information. (https://huggingface.co/docs/transformers/main/en/main_classes/text_generation)
12210.9s 650 
12210.9s 651 [transformers] Both `max_new_tokens` (=200) and `max_length`(=142) seem to have been set. `max_new_tokens` will take precedence. Please refer to the documentation for more information. (https://huggingface.co/docs/transformers/main/en/main_classes/text_generation)
12256.3s 652 [transformers] Both `max_new_tokens` (=200) and `max_length`(=142) seem to have been set. `max_new_tokens` will take precedence. Please refer to the documentation for more information. (https://huggingface.co/docs/transformers/main/en/main_classes/text_generation)
12256.3s 653 
12256.3s 654 [transformers] Both `max_new_tokens` (=200) and `max_length`(=142) seem to have been set. `max_new_tokens` will take precedence. Please refer to the documentation for more information. (https://huggingface.co/docs/transformers/main/en/main_classes/text_generation)
12313.3s 655 [transformers] Both `max_new_tokens` (=200) and `max_length`(=142) seem to have been set. `max_new_tokens` will take precedence. Please refer to the documentation for more information. (https://huggingface.co/docs/transformers/main/en/main_classes/text_generation)
12313.3s 656 
12313.3s 657 [transformers] Both `max_new_tokens` (=200) and `max_length`(=142) seem to have been set. `max_new_tokens` will take precedence. Please refer to the documentation for more information. (https://huggingface.co/docs/transformers/main/en/main_classes/text_generation)
12366.8s 658 [transformers] Both `max_new_tokens` (=200) and `max_length`(=142) seem to have been set. `max_new_tokens` will take precedence. Please refer to the documentation for more information. (https://huggingface.co/docs/transformers/main/en/main_classes/text_generation)
12366.8s 659 
12366.8s 660 [transformers] Both `max_new_tokens` (=200) and `max_length`(=142) seem to have been set. `max_new_tokens` will take precedence. Please refer to the documentation for more information. (https://huggingface.co/docs/transformers/main/en/main_classes/text_generation)
12419.7s 661 [transformers] Both `max_new_tokens` (=200) and `max_length`(=142) seem to have been set. `max_new_tokens` will take precedence. Please refer to the documentation for more information. (https://huggingface.co/docs/transformers/main/en/main_classes/text_generation)
12419.7s 662 
12419.7s 663 [transformers] Both `max_new_tokens` (=200) and `max_length`(=142) seem to have been set. `max_new_tokens` will take precedence. Please refer to the documentation for more information. (https://huggingface.co/docs/transformers/main/en/main_classes/text_generation)
12465.5s 664 [transformers] Both `max_new_tokens` (=200) and `max_length`(=142) seem to have been set. `max_new_tokens` will take precedence. Please refer to the documentation for more information. (https://huggingface.co/docs/transformers/main/en/main_classes/text_generation)
12465.5s 665 
12465.5s 666 [transformers] Both `max_new_tokens` (=200) and `max_length`(=142) seem to have been set. `max_new_tokens` will take precedence. Please refer to the documentation for more information. (https://huggingface.co/docs/transformers/main/en/main_classes/text_generation)
12529.0s 667 [transformers] Both `max_new_tokens` (=200) and `max_length`(=142) seem to have been set. `max_new_tokens` will take precedence. Please refer to the documentation for more information. (https://huggingface.co/docs/transformers/main/en/main_classes/text_generation)
12529.0s 668 
12529.0s 669 [transformers] Both `max_new_tokens` (=200) and `max_length`(=142) seem to have been set. `max_new_tokens` will take precedence. Please refer to the documentation for more information. (https://huggingface.co/docs/transformers/main/en/main_classes/text_generation)
12596.1s 670 [transformers] Both `max_new_tokens` (=200) and `max_length`(=142) seem to have been set. `max_new_tokens` will take precedence. Please refer to the documentation for more information. (https://huggingface.co/docs/transformers/main/en/main_classes/text_generation)
12596.1s 671 
12596.1s 672 [transformers] Both `max_new_tokens` (=200) and `max_length`(=142) seem to have been set. `max_new_tokens` will take precedence. Please refer to the documentation for more information. (https://huggingface.co/docs/transformers/main/en/main_classes/text_generation)
12674.7s 673 [transformers] Both `max_new_tokens` (=200) and `max_length`(=142) seem to have been set. `max_new_tokens` will take precedence. Please refer to the documentation for more information. (https://huggingface.co/docs/transformers/main/en/main_classes/text_generation)
12674.7s 674 
12674.7s 675 [transformers] Both `max_new_tokens` (=200) and `max_length`(=142) seem to have been set. `max_new_tokens` will take precedence. Please refer to the documentation for more information. (https://huggingface.co/docs/transformers/main/en/main_classes/text_generation)
12743.1s 676 [transformers] Both `max_new_tokens` (=200) and `max_length`(=142) seem to have been set. `max_new_tokens` will take precedence. Please refer to the documentation for more information. (https://huggingface.co/docs/transformers/main/en/main_classes/text_generation)
12743.1s 677 
12743.1s 678 [transformers] Both `max_new_tokens` (=200) and `max_length`(=142) seem to have been set. `max_new_tokens` will take precedence. Please refer to the documentation for more information. (https://huggingface.co/docs/transformers/main/en/main_classes/text_generation)
12806.8s 679 [transformers] Both `max_new_tokens` (=200) and `max_length`(=142) seem to have been set. `max_new_tokens` will take precedence. Please refer to the documentation for more information. (https://huggingface.co/docs/transformers/main/en/main_classes/text_generation)
12806.8s 680 
12806.8s 681 [transformers] Both `max_new_tokens` (=200) and `max_length`(=142) seem to have been set. `max_new_tokens` will take precedence. Please refer to the documentation for more information. (https://huggingface.co/docs/transformers/main/en/main_classes/text_generation)
12857.8s 682 [transformers] Both `max_new_tokens` (=200) and `max_length`(=142) seem to have been set. `max_new_tokens` will take precedence. Please refer to the documentation for more information. (https://huggingface.co/docs/transformers/main/en/main_classes/text_generation)
12857.8s 683 
12857.8s 684 [transformers] Both `max_new_tokens` (=200) and `max_length`(=142) seem to have been set. `max_new_tokens` will take precedence. Please refer to the documentation for more information. (https://huggingface.co/docs/transformers/main/en/main_classes/text_generation)
12920.0s 685 [transformers] Both `max_new_tokens` (=200) and `max_length`(=142) seem to have been set. `max_new_tokens` will take precedence. Please refer to the documentation for more information. (https://huggingface.co/docs/transformers/main/en/main_classes/text_generation)
12920.0s 686 
12920.0s 687 [transformers] Both `max_new_tokens` (=200) and `max_length`(=142) seem to have been set. `max_new_tokens` will take precedence. Please refer to the documentation for more information. (https://huggingface.co/docs/transformers/main/en/main_classes/text_generation)
12974.3s 688 [transformers] Both `max_new_tokens` (=200) and `max_length`(=142) seem to have been set. `max_new_tokens` will take precedence. Please refer to the documentation for more information. (https://huggingface.co/docs/transformers/main/en/main_classes/text_generation)
12974.3s 689 
12974.3s 690 [transformers] Both `max_new_tokens` (=200) and `max_length`(=142) seem to have been set. `max_new_tokens` will take precedence. Please refer to the documentation for more information. (https://huggingface.co/docs/transformers/main/en/main_classes/text_generation)
13031.2s 691 [transformers] Both `max_new_tokens` (=200) and `max_length`(=142) seem to have been set. `max_new_tokens` will take precedence. Please refer to the documentation for more information. (https://huggingface.co/docs/transformers/main/en/main_classes/text_generation)
13031.2s 692 
13031.2s 693 [transformers] Both `max_new_tokens` (=200) and `max_length`(=142) seem to have been set. `max_new_tokens` will take precedence. Please refer to the documentation for more information. (https://huggingface.co/docs/transformers/main/en/main_classes/text_generation)
13093.1s 694 [transformers] Both `max_new_tokens` (=200) and `max_length`(=142) seem to have been set. `max_new_tokens` will take precedence. Please refer to the documentation for more information. (https://huggingface.co/docs/transformers/main/en/main_classes/text_generation)
13093.1s 695 
13093.1s 696 [transformers] Both `max_new_tokens` (=200) and `max_length`(=142) seem to have been set. `max_new_tokens` will take precedence. Please refer to the documentation for more information. (https://huggingface.co/docs/transformers/main/en/main_classes/text_generation)
13151.5s 697 [transformers] Both `max_new_tokens` (=200) and `max_length`(=142) seem to have been set. `max_new_tokens` will take precedence. Please refer to the documentation for more information. (https://huggingface.co/docs/transformers/main/en/main_classes/text_generation)
13151.5s 698 
13151.5s 699 [transformers] Both `max_new_tokens` (=200) and `max_length`(=142) seem to have been set. `max_new_tokens` will take precedence. Please refer to the documentation for more information. (https://huggingface.co/docs/transformers/main/en/main_classes/text_generation)
13207.9s 700 [transformers] Both `max_new_tokens` (=200) and `max_length`(=142) seem to have been set. `max_new_tokens` will take precedence. Please refer to the documentation for more information. (https://huggingface.co/docs/transformers/main/en/main_classes/text_generation)
13207.9s 701 
13207.9s 702 [transformers] Both `max_new_tokens` (=200) and `max_length`(=142) seem to have been set. `max_new_tokens` will take precedence. Please refer to the documentation for more information. (https://huggingface.co/docs/transformers/main/en/main_classes/text_generation)
13261.1s 703 [transformers] Both `max_new_tokens` (=200) and `max_length`(=142) seem to have been set. `max_new_tokens` will take precedence. Please refer to the documentation for more information. (https://huggingface.co/docs/transformers/main/en/main_classes/text_generation)
13261.1s 704 
13261.1s 705 [transformers] Both `max_new_tokens` (=200) and `max_length`(=142) seem to have been set. `max_new_tokens` will take precedence. Please refer to the documentation for more information. (https://huggingface.co/docs/transformers/main/en/main_classes/text_generation)
13314.8s 706 [transformers] Both `max_new_tokens` (=200) and `max_length`(=142) seem to have been set. `max_new_tokens` will take precedence. Please refer to the documentation for more information. (https://huggingface.co/docs/transformers/main/en/main_classes/text_generation)
13314.8s 707 
13314.8s 708 [transformers] Both `max_new_tokens` (=200) and `max_length`(=142) seem to have been set. `max_new_tokens` will take precedence. Please refer to the documentation for more information. (https://huggingface.co/docs/transformers/main/en/main_classes/text_generation)
13374.1s 709 [transformers] Both `max_new_tokens` (=200) and `max_length`(=142) seem to have been set. `max_new_tokens` will take precedence. Please refer to the documentation for more information. (https://huggingface.co/docs/transformers/main/en/main_classes/text_generation)
13374.1s 710 
13374.1s 711 [transformers] Both `max_new_tokens` (=200) and `max_length`(=142) seem to have been set. `max_new_tokens` will take precedence. Please refer to the documentation for more information. (https://huggingface.co/docs/transformers/main/en/main_classes/text_generation)
13412.6s 712 [transformers] Both `max_new_tokens` (=200) and `max_length`(=142) seem to have been set. `max_new_tokens` will take precedence. Please refer to the documentation for more information. (https://huggingface.co/docs/transformers/main/en/main_classes/text_generation)
13412.6s 713 
13412.6s 714 [transformers] Both `max_new_tokens` (=200) and `max_length`(=142) seem to have been set. `max_new_tokens` will take precedence. Please refer to the documentation for more information. (https://huggingface.co/docs/transformers/main/en/main_classes/text_generation)
13469.7s 715 [transformers] Both `max_new_tokens` (=200) and `max_length`(=142) seem to have been set. `max_new_tokens` will take precedence. Please refer to the documentation for more information. (https://huggingface.co/docs/transformers/main/en/main_classes/text_generation)
13469.7s 716 
13469.7s 717 [transformers] Both `max_new_tokens` (=200) and `max_length`(=142) seem to have been set. `max_new_tokens` will take precedence. Please refer to the documentation for more information. (https://huggingface.co/docs/transformers/main/en/main_classes/text_generation)
13511.4s 718 [transformers] Both `max_new_tokens` (=200) and `max_length`(=142) seem to have been set. `max_new_tokens` will take precedence. Please refer to the documentation for more information. (https://huggingface.co/docs/transformers/main/en/main_classes/text_generation)
13511.4s 719 
13511.4s 720 [transformers] Both `max_new_tokens` (=200) and `max_length`(=142) seem to have been set. `max_new_tokens` will take precedence. Please refer to the documentation for more information. (https://huggingface.co/docs/transformers/main/en/main_classes/text_generation)
13552.2s 721 [transformers] Both `max_new_tokens` (=200) and `max_length`(=142) seem to have been set. `max_new_tokens` will take precedence. Please refer to the documentation for more information. (https://huggingface.co/docs/transformers/main/en/main_classes/text_generation)
13552.2s 722 
13552.2s 723 [transformers] Both `max_new_tokens` (=200) and `max_length`(=142) seem to have been set. `max_new_tokens` will take precedence. Please refer to the documentation for more information. (https://huggingface.co/docs/transformers/main/en/main_classes/text_generation)
13604.1s 724 [transformers] Both `max_new_tokens` (=200) and `max_length`(=142) seem to have been set. `max_new_tokens` will take precedence. Please refer to the documentation for more information. (https://huggingface.co/docs/transformers/main/en/main_classes/text_generation)
13604.1s 725 
13604.1s 726 [transformers] Both `max_new_tokens` (=200) and `max_length`(=142) seem to have been set. `max_new_tokens` will take precedence. Please refer to the documentation for more information. (https://huggingface.co/docs/transformers/main/en/main_classes/text_generation)
13663.5s 727 [transformers] Both `max_new_tokens` (=200) and `max_length`(=142) seem to have been set. `max_new_tokens` will take precedence. Please refer to the documentation for more information. (https://huggingface.co/docs/transformers/main/en/main_classes/text_generation)
13663.5s 728 
13663.5s 729 [transformers] Both `max_new_tokens` (=200) and `max_length`(=142) seem to have been set. `max_new_tokens` will take precedence. Please refer to the documentation for more information. (https://huggingface.co/docs/transformers/main/en/main_classes/text_generation)
13715.3s 730 [transformers] Both `max_new_tokens` (=200) and `max_length`(=142) seem to have been set. `max_new_tokens` will take precedence. Please refer to the documentation for more information. (https://huggingface.co/docs/transformers/main/en/main_classes/text_generation)
13715.3s 731 
13715.3s 732 [transformers] Both `max_new_tokens` (=200) and `max_length`(=142) seem to have been set. `max_new_tokens` will take precedence. Please refer to the documentation for more information. (https://huggingface.co/docs/transformers/main/en/main_classes/text_generation)
13754.7s 733 [transformers] Both `max_new_tokens` (=200) and `max_length`(=142) seem to have been set. `max_new_tokens` will take precedence. Please refer to the documentation for more information. (https://huggingface.co/docs/transformers/main/en/main_classes/text_generation)
13754.7s 734 
13754.7s 735 [transformers] Both `max_new_tokens` (=200) and `max_length`(=142) seem to have been set. `max_new_tokens` will take precedence. Please refer to the documentation for more information. (https://huggingface.co/docs/transformers/main/en/main_classes/text_generation)
13820.7s 736 [transformers] Both `max_new_tokens` (=200) and `max_length`(=142) seem to have been set. `max_new_tokens` will take precedence. Please refer to the documentation for more information. (https://huggingface.co/docs/transformers/main/en/main_classes/text_generation)
13820.7s 737 
13820.7s 738 [transformers] Both `max_new_tokens` (=200) and `max_length`(=142) seem to have been set. `max_new_tokens` will take precedence. Please refer to the documentation for more information. (https://huggingface.co/docs/transformers/main/en/main_classes/text_generation)
13871.7s 739 [transformers] Both `max_new_tokens` (=200) and `max_length`(=142) seem to have been set. `max_new_tokens` will take precedence. Please refer to the documentation for more information. (https://huggingface.co/docs/transformers/main/en/main_classes/text_generation)
13871.7s 740 
13871.7s 741 [transformers] Both `max_new_tokens` (=200) and `max_length`(=142) seem to have been set. `max_new_tokens` will take precedence. Please refer to the documentation for more information. (https://huggingface.co/docs/transformers/main/en/main_classes/text_generation)
13947.6s 742 [transformers] Both `max_new_tokens` (=200) and `max_length`(=142) seem to have been set. `max_new_tokens` will take precedence. Please refer to the documentation for more information. (https://huggingface.co/docs/transformers/main/en/main_classes/text_generation)
13947.6s 743 
13947.6s 744 [transformers] Both `max_new_tokens` (=200) and `max_length`(=142) seem to have been set. `max_new_tokens` will take precedence. Please refer to the documentation for more information. (https://huggingface.co/docs/transformers/main/en/main_classes/text_generation)
14019.5s 745 [transformers] Both `max_new_tokens` (=200) and `max_length`(=142) seem to have been set. `max_new_tokens` will take precedence. Please refer to the documentation for more information. (https://huggingface.co/docs/transformers/main/en/main_classes/text_generation)
14019.5s 746 
14019.5s 747 [transformers] Both `max_new_tokens` (=200) and `max_length`(=142) seem to have been set. `max_new_tokens` will take precedence. Please refer to the documentation for more information. (https://huggingface.co/docs/transformers/main/en/main_classes/text_generation)
14081.6s 748 [transformers] Both `max_new_tokens` (=200) and `max_length`(=142) seem to have been set. `max_new_tokens` will take precedence. Please refer to the documentation for more information. (https://huggingface.co/docs/transformers/main/en/main_classes/text_generation)
14081.6s 749 
14081.6s 750 [transformers] Both `max_new_tokens` (=200) and `max_length`(=142) seem to have been set. `max_new_tokens` will take precedence. Please refer to the documentation for more information. (https://huggingface.co/docs/transformers/main/en/main_classes/text_generation)
14141.3s 751 [transformers] Both `max_new_tokens` (=200) and `max_length`(=142) seem to have been set. `max_new_tokens` will take precedence. Please refer to the documentation for more information. (https://huggingface.co/docs/transformers/main/en/main_classes/text_generation)
14141.3s 752 
14141.3s 753 [transformers] Both `max_new_tokens` (=200) and `max_length`(=142) seem to have been set. `max_new_tokens` will take precedence. Please refer to the documentation for more information. (https://huggingface.co/docs/transformers/main/en/main_classes/text_generation)
14221.4s 754 [transformers] Both `max_new_tokens` (=200) and `max_length`(=142) seem to have been set. `max_new_tokens` will take precedence. Please refer to the documentation for more information. (https://huggingface.co/docs/transformers/main/en/main_classes/text_generation)
14221.4s 755 
14221.4s 756 [transformers] Both `max_new_tokens` (=200) and `max_length`(=142) seem to have been set. `max_new_tokens` will take precedence. Please refer to the documentation for more information. (https://huggingface.co/docs/transformers/main/en/main_classes/text_generation)
14282.3s 757 [transformers] Both `max_new_tokens` (=200) and `max_length`(=142) seem to have been set. `max_new_tokens` will take precedence. Please refer to the documentation for more information. (https://huggingface.co/docs/transformers/main/en/main_classes/text_generation)
14282.3s 758 
14282.3s 759 [transformers] Both `max_new_tokens` (=200) and `max_length`(=142) seem to have been set. `max_new_tokens` will take precedence. Please refer to the documentation for more information. (https://huggingface.co/docs/transformers/main/en/main_classes/text_generation)
14347.0s 760 [transformers] Both `max_new_tokens` (=200) and `max_length`(=142) seem to have been set. `max_new_tokens` will take precedence. Please refer to the documentation for more information. (https://huggingface.co/docs/transformers/main/en/main_classes/text_generation)
14347.0s 761 
14347.0s 762 [transformers] Both `max_new_tokens` (=200) and `max_length`(=142) seem to have been set. `max_new_tokens` will take precedence. Please refer to the documentation for more information. (https://huggingface.co/docs/transformers/main/en/main_classes/text_generation)
14422.3s 763 [transformers] Both `max_new_tokens` (=200) and `max_length`(=142) seem to have been set. `max_new_tokens` will take precedence. Please refer to the documentation for more information. (https://huggingface.co/docs/transformers/main/en/main_classes/text_generation)
14422.3s 764 
14422.3s 765 [transformers] Both `max_new_tokens` (=200) and `max_length`(=142) seem to have been set. `max_new_tokens` will take precedence. Please refer to the documentation for more information. (https://huggingface.co/docs/transformers/main/en/main_classes/text_generation)
14482.9s 766 [transformers] Both `max_new_tokens` (=200) and `max_length`(=142) seem to have been set. `max_new_tokens` will take precedence. Please refer to the documentation for more information. (https://huggingface.co/docs/transformers/main/en/main_classes/text_generation)
14482.9s 767 
14482.9s 768 [transformers] Both `max_new_tokens` (=200) and `max_length`(=142) seem to have been set. `max_new_tokens` will take precedence. Please refer to the documentation for more information. (https://huggingface.co/docs/transformers/main/en/main_classes/text_generation)
14535.8s 769 [transformers] Both `max_new_tokens` (=200) and `max_length`(=142) seem to have been set. `max_new_tokens` will take precedence. Please refer to the documentation for more information. (https://huggingface.co/docs/transformers/main/en/main_classes/text_generation)
14535.8s 770 
14535.8s 771 [transformers] Both `max_new_tokens` (=200) and `max_length`(=142) seem to have been set. `max_new_tokens` will take precedence. Please refer to the documentation for more information. (https://huggingface.co/docs/transformers/main/en/main_classes/text_generation)
14644.5s 772 [transformers] Both `max_new_tokens` (=200) and `max_length`(=142) seem to have been set. `max_new_tokens` will take precedence. Please refer to the documentation for more information. (https://huggingface.co/docs/transformers/main/en/main_classes/text_generation)
14644.5s 773 
14644.5s 774 [transformers] Both `max_new_tokens` (=200) and `max_length`(=142) seem to have been set. `max_new_tokens` will take precedence. Please refer to the documentation for more information. (https://huggingface.co/docs/transformers/main/en/main_classes/text_generation)
14709.1s 775 [transformers] Both `max_new_tokens` (=200) and `max_length`(=142) seem to have been set. `max_new_tokens` will take precedence. Please refer to the documentation for more information. (https://huggingface.co/docs/transformers/main/en/main_classes/text_generation)
14709.1s 776 
14709.1s 777 [transformers] Both `max_new_tokens` (=200) and `max_length`(=142) seem to have been set. `max_new_tokens` will take precedence. Please refer to the documentation for more information. (https://huggingface.co/docs/transformers/main/en/main_classes/text_generation)
14748.3s 778 [transformers] Both `max_new_tokens` (=200) and `max_length`(=142) seem to have been set. `max_new_tokens` will take precedence. Please refer to the documentation for more information. (https://huggingface.co/docs/transformers/main/en/main_classes/text_generation)
14748.3s 779 
14748.3s 780 [transformers] Both `max_new_tokens` (=200) and `max_length`(=142) seem to have been set. `max_new_tokens` will take precedence. Please refer to the documentation for more information. (https://huggingface.co/docs/transformers/main/en/main_classes/text_generation)
14825.4s 781 [transformers] Both `max_new_tokens` (=200) and `max_length`(=142) seem to have been set. `max_new_tokens` will take precedence. Please refer to the documentation for more information. (https://huggingface.co/docs/transformers/main/en/main_classes/text_generation)
14825.4s 782 
14825.4s 783 [transformers] Both `max_new_tokens` (=200) and `max_length`(=142) seem to have been set. `max_new_tokens` will take precedence. Please refer to the documentation for more information. (https://huggingface.co/docs/transformers/main/en/main_classes/text_generation)
14870.2s 784 [transformers] Both `max_new_tokens` (=200) and `max_length`(=142) seem to have been set. `max_new_tokens` will take precedence. Please refer to the documentation for more information. (https://huggingface.co/docs/transformers/main/en/main_classes/text_generation)
14870.2s 785 
14870.2s 786 [transformers] Both `max_new_tokens` (=200) and `max_length`(=142) seem to have been set. `max_new_tokens` will take precedence. Please refer to the documentation for more information. (https://huggingface.co/docs/transformers/main/en/main_classes/text_generation)
14951.3s 787 [transformers] Both `max_new_tokens` (=200) and `max_length`(=142) seem to have been set. `max_new_tokens` will take precedence. Please refer to the documentation for more information. (https://huggingface.co/docs/transformers/main/en/main_classes/text_generation)
14951.3s 788 
14951.3s 789 [transformers] Both `max_new_tokens` (=200) and `max_length`(=142) seem to have been set. `max_new_tokens` will take precedence. Please refer to the documentation for more information. (https://huggingface.co/docs/transformers/main/en/main_classes/text_generation)
15040.7s 790 [transformers] Both `max_new_tokens` (=200) and `max_length`(=142) seem to have been set. `max_new_tokens` will take precedence. Please refer to the documentation for more information. (https://huggingface.co/docs/transformers/main/en/main_classes/text_generation)
15040.7s 791 
15040.7s 792 [transformers] Both `max_new_tokens` (=200) and `max_length`(=142) seem to have been set. `max_new_tokens` will take precedence. Please refer to the documentation for more information. (https://huggingface.co/docs/transformers/main/en/main_classes/text_generation)
15110.8s 793 [transformers] Both `max_new_tokens` (=200) and `max_length`(=142) seem to have been set. `max_new_tokens` will take precedence. Please refer to the documentation for more information. (https://huggingface.co/docs/transformers/main/en/main_classes/text_generation)
15110.8s 794 
15110.8s 795 [transformers] Both `max_new_tokens` (=200) and `max_length`(=142) seem to have been set. `max_new_tokens` will take precedence. Please refer to the documentation for more information. (https://huggingface.co/docs/transformers/main/en/main_classes/text_generation)
15168.2s 796 [transformers] Both `max_new_tokens` (=200) and `max_length`(=142) seem to have been set. `max_new_tokens` will take precedence. Please refer to the documentation for more information. (https://huggingface.co/docs/transformers/main/en/main_classes/text_generation)
15168.2s 797 
15168.2s 798 [transformers] Both `max_new_tokens` (=200) and `max_length`(=142) seem to have been set. `max_new_tokens` will take precedence. Please refer to the documentation for more information. (https://huggingface.co/docs/transformers/main/en/main_classes/text_generation)
15221.3s 799 [transformers] Both `max_new_tokens` (=200) and `max_length`(=142) seem to have been set. `max_new_tokens` will take precedence. Please refer to the documentation for more information. (https://huggingface.co/docs/transformers/main/en/main_classes/text_generation)
15221.3s 800 
15221.3s 801 [transformers] Both `max_new_tokens` (=200) and `max_length`(=142) seem to have been set. `max_new_tokens` will take precedence. Please refer to the documentation for more information. (https://huggingface.co/docs/transformers/main/en/main_classes/text_generation)
15263.6s 802 [transformers] Both `max_new_tokens` (=200) and `max_length`(=142) seem to have been set. `max_new_tokens` will take precedence. Please refer to the documentation for more information. (https://huggingface.co/docs/transformers/main/en/main_classes/text_generation)
15263.6s 803 
15263.6s 804 [transformers] Both `max_new_tokens` (=200) and `max_length`(=142) seem to have been set. `max_new_tokens` will take precedence. Please refer to the documentation for more information. (https://huggingface.co/docs/transformers/main/en/main_classes/text_generation)
15321.2s 805 [transformers] Both `max_new_tokens` (=200) and `max_length`(=142) seem to have been set. `max_new_tokens` will take precedence. Please refer to the documentation for more information. (https://huggingface.co/docs/transformers/main/en/main_classes/text_generation)
15321.2s 806 
15321.2s 807 [transformers] Both `max_new_tokens` (=200) and `max_length`(=142) seem to have been set. `max_new_tokens` will take precedence. Please refer to the documentation for more information. (https://huggingface.co/docs/transformers/main/en/main_classes/text_generation)
15377.3s 808 [transformers] Both `max_new_tokens` (=200) and `max_length`(=142) seem to have been set. `max_new_tokens` will take precedence. Please refer to the documentation for more information. (https://huggingface.co/docs/transformers/main/en/main_classes/text_generation)
15377.3s 809 
15377.3s 810 [transformers] Both `max_new_tokens` (=200) and `max_length`(=142) seem to have been set. `max_new_tokens` will take precedence. Please refer to the documentation for more information. (https://huggingface.co/docs/transformers/main/en/main_classes/text_generation)
15454.0s 811 [transformers] Both `max_new_tokens` (=200) and `max_length`(=142) seem to have been set. `max_new_tokens` will take precedence. Please refer to the documentation for more information. (https://huggingface.co/docs/transformers/main/en/main_classes/text_generation)
15454.0s 812 
15454.0s 813 [transformers] Both `max_new_tokens` (=200) and `max_length`(=142) seem to have been set. `max_new_tokens` will take precedence. Please refer to the documentation for more information. (https://huggingface.co/docs/transformers/main/en/main_classes/text_generation)
15502.4s 814 [transformers] Both `max_new_tokens` (=200) and `max_length`(=142) seem to have been set. `max_new_tokens` will take precedence. Please refer to the documentation for more information. (https://huggingface.co/docs/transformers/main/en/main_classes/text_generation)
15502.4s 815 
15502.4s 816 [transformers] Both `max_new_tokens` (=200) and `max_length`(=142) seem to have been set. `max_new_tokens` will take precedence. Please refer to the documentation for more information. (https://huggingface.co/docs/transformers/main/en/main_classes/text_generation)
15543.0s 817 [transformers] Both `max_new_tokens` (=200) and `max_length`(=142) seem to have been set. `max_new_tokens` will take precedence. Please refer to the documentation for more information. (https://huggingface.co/docs/transformers/main/en/main_classes/text_generation)
15543.0s 818 
15543.0s 819 [transformers] Both `max_new_tokens` (=200) and `max_length`(=142) seem to have been set. `max_new_tokens` will take precedence. Please refer to the documentation for more information. (https://huggingface.co/docs/transformers/main/en/main_classes/text_generation)
15598.3s 820 [transformers] Both `max_new_tokens` (=200) and `max_length`(=142) seem to have been set. `max_new_tokens` will take precedence. Please refer to the documentation for more information. (https://huggingface.co/docs/transformers/main/en/main_classes/text_generation)
15598.3s 821 
15598.3s 822 [transformers] Both `max_new_tokens` (=200) and `max_length`(=142) seem to have been set. `max_new_tokens` will take precedence. Please refer to the documentation for more information. (https://huggingface.co/docs/transformers/main/en/main_classes/text_generation)
15655.5s 823 [transformers] Both `max_new_tokens` (=200) and `max_length`(=142) seem to have been set. `max_new_tokens` will take precedence. Please refer to the documentation for more information. (https://huggingface.co/docs/transformers/main/en/main_classes/text_generation)
15655.5s 824 
15655.5s 825 [transformers] Both `max_new_tokens` (=200) and `max_length`(=142) seem to have been set. `max_new_tokens` will take precedence. Please refer to the documentation for more information. (https://huggingface.co/docs/transformers/main/en/main_classes/text_generation)
15734.6s 826 [transformers] Both `max_new_tokens` (=200) and `max_length`(=142) seem to have been set. `max_new_tokens` will take precedence. Please refer to the documentation for more information. (https://huggingface.co/docs/transformers/main/en/main_classes/text_generation)
15734.6s 827 
15734.6s 828 [transformers] Both `max_new_tokens` (=200) and `max_length`(=142) seem to have been set. `max_new_tokens` will take precedence. Please refer to the documentation for more information. (https://huggingface.co/docs/transformers/main/en/main_classes/text_generation)
15819.8s 829 [transformers] Both `max_new_tokens` (=200) and `max_length`(=142) seem to have been set. `max_new_tokens` will take precedence. Please refer to the documentation for more information. (https://huggingface.co/docs/transformers/main/en/main_classes/text_generation)
15819.8s 830 
15819.8s 831 [transformers] Both `max_new_tokens` (=200) and `max_length`(=142) seem to have been set. `max_new_tokens` will take precedence. Please refer to the documentation for more information. (https://huggingface.co/docs/transformers/main/en/main_classes/text_generation)
15891.3s 832 [transformers] Both `max_new_tokens` (=200) and `max_length`(=142) seem to have been set. `max_new_tokens` will take precedence. Please refer to the documentation for more information. (https://huggingface.co/docs/transformers/main/en/main_classes/text_generation)
15891.3s 833 
15891.3s 834 [transformers] Both `max_new_tokens` (=200) and `max_length`(=142) seem to have been set. `max_new_tokens` will take precedence. Please refer to the documentation for more information. (https://huggingface.co/docs/transformers/main/en/main_classes/text_generation)
15948.2s 835 [transformers] Both `max_new_tokens` (=200) and `max_length`(=142) seem to have been set. `max_new_tokens` will take precedence. Please refer to the documentation for more information. (https://huggingface.co/docs/transformers/main/en/main_classes/text_generation)
15948.2s 836 
15948.2s 837 [transformers] Both `max_new_tokens` (=200) and `max_length`(=142) seem to have been set. `max_new_tokens` will take precedence. Please refer to the documentation for more information. (https://huggingface.co/docs/transformers/main/en/main_classes/text_generation)
15983.9s 838 [transformers] Both `max_new_tokens` (=200) and `max_length`(=142) seem to have been set. `max_new_tokens` will take precedence. Please refer to the documentation for more information. (https://huggingface.co/docs/transformers/main/en/main_classes/text_generation)
15983.9s 839 
15983.9s 840 [transformers] Both `max_new_tokens` (=200) and `max_length`(=142) seem to have been set. `max_new_tokens` will take precedence. Please refer to the documentation for more information. (https://huggingface.co/docs/transformers/main/en/main_classes/text_generation)
16050.9s 841 [transformers] Both `max_new_tokens` (=200) and `max_length`(=142) seem to have been set. `max_new_tokens` will take precedence. Please refer to the documentation for more information. (https://huggingface.co/docs/transformers/main/en/main_classes/text_generation)
16050.9s 842 
16050.9s 843 [transformers] Both `max_new_tokens` (=200) and `max_length`(=142) seem to have been set. `max_new_tokens` will take precedence. Please refer to the documentation for more information. (https://huggingface.co/docs/transformers/main/en/main_classes/text_generation)
16095.2s 844 [transformers] Both `max_new_tokens` (=200) and `max_length`(=142) seem to have been set. `max_new_tokens` will take precedence. Please refer to the documentation for more information. (https://huggingface.co/docs/transformers/main/en/main_classes/text_generation)
16095.2s 845 
16095.2s 846 [transformers] Both `max_new_tokens` (=200) and `max_length`(=142) seem to have been set. `max_new_tokens` will take precedence. Please refer to the documentation for more information. (https://huggingface.co/docs/transformers/main/en/main_classes/text_generation)
16135.4s 847 [transformers] Both `max_new_tokens` (=200) and `max_length`(=142) seem to have been set. `max_new_tokens` will take precedence. Please refer to the documentation for more information. (https://huggingface.co/docs/transformers/main/en/main_classes/text_generation)
16135.4s 848 
16135.4s 849 [transformers] Both `max_new_tokens` (=200) and `max_length`(=142) seem to have been set. `max_new_tokens` will take precedence. Please refer to the documentation for more information. (https://huggingface.co/docs/transformers/main/en/main_classes/text_generation)
16189.9s 850 [transformers] Both `max_new_tokens` (=200) and `max_length`(=142) seem to have been set. `max_new_tokens` will take precedence. Please refer to the documentation for more information. (https://huggingface.co/docs/transformers/main/en/main_classes/text_generation)
16189.9s 851 
16189.9s 852 [transformers] Both `max_new_tokens` (=200) and `max_length`(=142) seem to have been set. `max_new_tokens` will take precedence. Please refer to the documentation for more information. (https://huggingface.co/docs/transformers/main/en/main_classes/text_generation)
16255.5s 853 [transformers] Both `max_new_tokens` (=200) and `max_length`(=142) seem to have been set. `max_new_tokens` will take precedence. Please refer to the documentation for more information. (https://huggingface.co/docs/transformers/main/en/main_classes/text_generation)
16255.5s 854 
16255.5s 855 [transformers] Both `max_new_tokens` (=200) and `max_length`(=142) seem to have been set. `max_new_tokens` will take precedence. Please refer to the documentation for more information. (https://huggingface.co/docs/transformers/main/en/main_classes/text_generation)
16326.2s 856 [transformers] Both `max_new_tokens` (=200) and `max_length`(=142) seem to have been set. `max_new_tokens` will take precedence. Please refer to the documentation for more information. (https://huggingface.co/docs/transformers/main/en/main_classes/text_generation)
16326.2s 857 
16326.2s 858 [transformers] Both `max_new_tokens` (=200) and `max_length`(=142) seem to have been set. `max_new_tokens` will take precedence. Please refer to the documentation for more information. (https://huggingface.co/docs/transformers/main/en/main_classes/text_generation)
16406.4s 859 [transformers] Both `max_new_tokens` (=200) and `max_length`(=142) seem to have been set. `max_new_tokens` will take precedence. Please refer to the documentation for more information. (https://huggingface.co/docs/transformers/main/en/main_classes/text_generation)
16406.4s 860 
16406.4s 861 [transformers] Both `max_new_tokens` (=200) and `max_length`(=142) seem to have been set. `max_new_tokens` will take precedence. Please refer to the documentation for more information. (https://huggingface.co/docs/transformers/main/en/main_classes/text_generation)
16465.8s 862 [transformers] Both `max_new_tokens` (=200) and `max_length`(=142) seem to have been set. `max_new_tokens` will take precedence. Please refer to the documentation for more information. (https://huggingface.co/docs/transformers/main/en/main_classes/text_generation)
16465.8s 863 
16465.8s 864 [transformers] Both `max_new_tokens` (=200) and `max_length`(=142) seem to have been set. `max_new_tokens` will take precedence. Please refer to the documentation for more information. (https://huggingface.co/docs/transformers/main/en/main_classes/text_generation)
16555.2s 865 [transformers] Both `max_new_tokens` (=200) and `max_length`(=142) seem to have been set. `max_new_tokens` will take precedence. Please refer to the documentation for more information. (https://huggingface.co/docs/transformers/main/en/main_classes/text_generation)
16555.2s 866 
16555.2s 867 [transformers] Both `max_new_tokens` (=200) and `max_length`(=142) seem to have been set. `max_new_tokens` will take precedence. Please refer to the documentation for more information. (https://huggingface.co/docs/transformers/main/en/main_classes/text_generation)
16579.9s 868 [transformers] Both `max_new_tokens` (=200) and `max_length`(=142) seem to have been set. `max_new_tokens` will take precedence. Please refer to the documentation for more information. (https://huggingface.co/docs/transformers/main/en/main_classes/text_generation)
16579.9s 869 
16579.9s 870 [transformers] Both `max_new_tokens` (=200) and `max_length`(=142) seem to have been set. `max_new_tokens` will take precedence. Please refer to the documentation for more information. (https://huggingface.co/docs/transformers/main/en/main_classes/text_generation)
16638.3s 871 [transformers] Both `max_new_tokens` (=200) and `max_length`(=142) seem to have been set. `max_new_tokens` will take precedence. Please refer to the documentation for more information. (https://huggingface.co/docs/transformers/main/en/main_classes/text_generation)
16638.3s 872 
16638.3s 873 [transformers] Both `max_new_tokens` (=200) and `max_length`(=142) seem to have been set. `max_new_tokens` will take precedence. Please refer to the documentation for more information. (https://huggingface.co/docs/transformers/main/en/main_classes/text_generation)
16742.8s 874 [transformers] Both `max_new_tokens` (=200) and `max_length`(=142) seem to have been set. `max_new_tokens` will take precedence. Please refer to the documentation for more information. (https://huggingface.co/docs/transformers/main/en/main_classes/text_generation)
16742.8s 875 
16742.8s 876 [transformers] Both `max_new_tokens` (=200) and `max_length`(=142) seem to have been set. `max_new_tokens` will take precedence. Please refer to the documentation for more information. (https://huggingface.co/docs/transformers/main/en/main_classes/text_generation)
16817.9s 877 [transformers] Both `max_new_tokens` (=200) and `max_length`(=142) seem to have been set. `max_new_tokens` will take precedence. Please refer to the documentation for more information. (https://huggingface.co/docs/transformers/main/en/main_classes/text_generation)
16817.9s 878 
16817.9s 879 [transformers] Both `max_new_tokens` (=200) and `max_length`(=142) seem to have been set. `max_new_tokens` will take precedence. Please refer to the documentation for more information. (https://huggingface.co/docs/transformers/main/en/main_classes/text_generation)
16873.7s 880 [transformers] Both `max_new_tokens` (=200) and `max_length`(=142) seem to have been set. `max_new_tokens` will take precedence. Please refer to the documentation for more information. (https://huggingface.co/docs/transformers/main/en/main_classes/text_generation)
16873.7s 881 
16873.7s 882 [transformers] Both `max_new_tokens` (=200) and `max_length`(=142) seem to have been set. `max_new_tokens` will take precedence. Please refer to the documentation for more information. (https://huggingface.co/docs/transformers/main/en/main_classes/text_generation)
16953.0s 883 [transformers] Both `max_new_tokens` (=200) and `max_length`(=142) seem to have been set. `max_new_tokens` will take precedence. Please refer to the documentation for more information. (https://huggingface.co/docs/transformers/main/en/main_classes/text_generation)
16953.0s 884 
16953.0s 885 [transformers] Both `max_new_tokens` (=200) and `max_length`(=142) seem to have been set. `max_new_tokens` will take precedence. Please refer to the documentation for more information. (https://huggingface.co/docs/transformers/main/en/main_classes/text_generation)
17033.6s 886 [transformers] Both `max_new_tokens` (=200) and `max_length`(=142) seem to have been set. `max_new_tokens` will take precedence. Please refer to the documentation for more information. (https://huggingface.co/docs/transformers/main/en/main_classes/text_generation)
17033.6s 887 
17033.6s 888 [transformers] Both `max_new_tokens` (=200) and `max_length`(=142) seem to have been set. `max_new_tokens` will take precedence. Please refer to the documentation for more information. (https://huggingface.co/docs/transformers/main/en/main_classes/text_generation)
17105.2s 889 [transformers] Both `max_new_tokens` (=200) and `max_length`(=142) seem to have been set. `max_new_tokens` will take precedence. Please refer to the documentation for more information. (https://huggingface.co/docs/transformers/main/en/main_classes/text_generation)
17105.2s 890 
17105.2s 891 [transformers] Both `max_new_tokens` (=200) and `max_length`(=142) seem to have been set. `max_new_tokens` will take precedence. Please refer to the documentation for more information. (https://huggingface.co/docs/transformers/main/en/main_classes/text_generation)
17158.9s 892 [transformers] Both `max_new_tokens` (=200) and `max_length`(=142) seem to have been set. `max_new_tokens` will take precedence. Please refer to the documentation for more information. (https://huggingface.co/docs/transformers/main/en/main_classes/text_generation)
17158.9s 893 
17158.9s 894 [transformers] Both `max_new_tokens` (=200) and `max_length`(=142) seem to have been set. `max_new_tokens` will take precedence. Please refer to the documentation for more information. (https://huggingface.co/docs/transformers/main/en/main_classes/text_generation)
17204.1s 895 [transformers] Both `max_new_tokens` (=200) and `max_length`(=142) seem to have been set. `max_new_tokens` will take precedence. Please refer to the documentation for more information. (https://huggingface.co/docs/transformers/main/en/main_classes/text_generation)
17204.1s 896 
17204.1s 897 [transformers] Both `max_new_tokens` (=200) and `max_length`(=142) seem to have been set. `max_new_tokens` will take precedence. Please refer to the documentation for more information. (https://huggingface.co/docs/transformers/main/en/main_classes/text_generation)
17253.8s 898 [transformers] Both `max_new_tokens` (=200) and `max_length`(=142) seem to have been set. `max_new_tokens` will take precedence. Please refer to the documentation for more information. (https://huggingface.co/docs/transformers/main/en/main_classes/text_generation)
17253.8s 899 
17253.8s 900 [transformers] Both `max_new_tokens` (=200) and `max_length`(=142) seem to have been set. `max_new_tokens` will take precedence. Please refer to the documentation for more information. (https://huggingface.co/docs/transformers/main/en/main_classes/text_generation)
17308.4s 901 [transformers] Both `max_new_tokens` (=200) and `max_length`(=142) seem to have been set. `max_new_tokens` will take precedence. Please refer to the documentation for more information. (https://huggingface.co/docs/transformers/main/en/main_classes/text_generation)
17308.4s 902 
17308.4s 903 [transformers] Both `max_new_tokens` (=200) and `max_length`(=142) seem to have been set. `max_new_tokens` will take precedence. Please refer to the documentation for more information. (https://huggingface.co/docs/transformers/main/en/main_classes/text_generation)
17373.5s 904 [transformers] Both `max_new_tokens` (=200) and `max_length`(=142) seem to have been set. `max_new_tokens` will take precedence. Please refer to the documentation for more information. (https://huggingface.co/docs/transformers/main/en/main_classes/text_generation)
17373.5s 905 
17373.5s 906 [transformers] Both `max_new_tokens` (=200) and `max_length`(=142) seem to have been set. `max_new_tokens` will take precedence. Please refer to the documentation for more information. (https://huggingface.co/docs/transformers/main/en/main_classes/text_generation)
17414.9s 907 [transformers] Both `max_new_tokens` (=200) and `max_length`(=142) seem to have been set. `max_new_tokens` will take precedence. Please refer to the documentation for more information. (https://huggingface.co/docs/transformers/main/en/main_classes/text_generation)
17414.9s 908 
17414.9s 909 [transformers] Both `max_new_tokens` (=200) and `max_length`(=142) seem to have been set. `max_new_tokens` will take precedence. Please refer to the documentation for more information. (https://huggingface.co/docs/transformers/main/en/main_classes/text_generation)
17483.9s 910 [transformers] Both `max_new_tokens` (=200) and `max_length`(=142) seem to have been set. `max_new_tokens` will take precedence. Please refer to the documentation for more information. (https://huggingface.co/docs/transformers/main/en/main_classes/text_generation)
17483.9s 911 
17483.9s 912 [transformers] Both `max_new_tokens` (=200) and `max_length`(=142) seem to have been set. `max_new_tokens` will take precedence. Please refer to the documentation for more information. (https://huggingface.co/docs/transformers/main/en/main_classes/text_generation)
17543.8s 913 [transformers] Both `max_new_tokens` (=200) and `max_length`(=142) seem to have been set. `max_new_tokens` will take precedence. Please refer to the documentation for more information. (https://huggingface.co/docs/transformers/main/en/main_classes/text_generation)
17543.8s 914 
17543.8s 915 [transformers] Both `max_new_tokens` (=200) and `max_length`(=142) seem to have been set. `max_new_tokens` will take precedence. Please refer to the documentation for more information. (https://huggingface.co/docs/transformers/main/en/main_classes/text_generation)
17602.4s 916 [transformers] Both `max_new_tokens` (=200) and `max_length`(=142) seem to have been set. `max_new_tokens` will take precedence. Please refer to the documentation for more information. (https://huggingface.co/docs/transformers/main/en/main_classes/text_generation)
17602.4s 917 
17602.4s 918 [transformers] Both `max_new_tokens` (=200) and `max_length`(=142) seem to have been set. `max_new_tokens` will take precedence. Please refer to the documentation for more information. (https://huggingface.co/docs/transformers/main/en/main_classes/text_generation)
17676.8s 919 [transformers] Both `max_new_tokens` (=200) and `max_length`(=142) seem to have been set. `max_new_tokens` will take precedence. Please refer to the documentation for more information. (https://huggingface.co/docs/transformers/main/en/main_classes/text_generation)
17676.8s 920 
17676.8s 921 [transformers] Both `max_new_tokens` (=200) and `max_length`(=142) seem to have been set. `max_new_tokens` will take precedence. Please refer to the documentation for more information. (https://huggingface.co/docs/transformers/main/en/main_classes/text_generation)
17754.3s 922 [transformers] Both `max_new_tokens` (=200) and `max_length`(=142) seem to have been set. `max_new_tokens` will take precedence. Please refer to the documentation for more information. (https://huggingface.co/docs/transformers/main/en/main_classes/text_generation)
17754.3s 923 
17754.3s 924 [transformers] Both `max_new_tokens` (=200) and `max_length`(=142) seem to have been set. `max_new_tokens` will take precedence. Please refer to the documentation for more information. (https://huggingface.co/docs/transformers/main/en/main_classes/text_generation)
17797.9s 925 [transformers] Both `max_new_tokens` (=200) and `max_length`(=142) seem to have been set. `max_new_tokens` will take precedence. Please refer to the documentation for more information. (https://huggingface.co/docs/transformers/main/en/main_classes/text_generation)
17797.9s 926 
17797.9s 927 [transformers] Both `max_new_tokens` (=200) and `max_length`(=142) seem to have been set. `max_new_tokens` will take precedence. Please refer to the documentation for more information. (https://huggingface.co/docs/transformers/main/en/main_classes/text_generation)
17853.7s 928 [transformers] Both `max_new_tokens` (=200) and `max_length`(=142) seem to have been set. `max_new_tokens` will take precedence. Please refer to the documentation for more information. (https://huggingface.co/docs/transformers/main/en/main_classes/text_generation)
17853.7s 929 
17853.7s 930 [transformers] Both `max_new_tokens` (=200) and `max_length`(=142) seem to have been set. `max_new_tokens` will take precedence. Please refer to the documentation for more information. (https://huggingface.co/docs/transformers/main/en/main_classes/text_generation)
17904.8s 931 [transformers] Both `max_new_tokens` (=200) and `max_length`(=142) seem to have been set. `max_new_tokens` will take precedence. Please refer to the documentation for more information. (https://huggingface.co/docs/transformers/main/en/main_classes/text_generation)
17904.8s 932 
17904.8s 933 [transformers] Both `max_new_tokens` (=200) and `max_length`(=142) seem to have been set. `max_new_tokens` will take precedence. Please refer to the documentation for more information. (https://huggingface.co/docs/transformers/main/en/main_classes/text_generation)
17959.4s 934 [transformers] Both `max_new_tokens` (=200) and `max_length`(=142) seem to have been set. `max_new_tokens` will take precedence. Please refer to the documentation for more information. (https://huggingface.co/docs/transformers/main/en/main_classes/text_generation)
17959.4s 935 
17959.4s 936 [transformers] Both `max_new_tokens` (=200) and `max_length`(=142) seem to have been set. `max_new_tokens` will take precedence. Please refer to the documentation for more information. (https://huggingface.co/docs/transformers/main/en/main_classes/text_generation)
18010.4s 937 generation finished in 296.9 min
18010.4s 938 
18010.4s 939 source-note truncation (identical inputs across conditions by design):
18010.4s 940 Qwen (limit 4000 tok): 0.3% of cases truncated, median retained 100.0%
18010.4s 941 BART (limit 1024 tok): 41.3% of cases truncated, median retained 100.0%
18010.4s 942 
18010.4s 943 saved 900 rows to /kaggle/working/generated_summaries.csv
18010.6s 944 900 {'few_shot': 300, 'weak_bart': 300, 'zero_shot': 300}
18010.6s 945 empty summaries: 0
18017.0s 946 /usr/local/lib/python3.12/dist-packages/mistune.py:435: SyntaxWarning: invalid escape sequence '\|'
18017.0s 947 cells[i][c] = re.sub('\\\\\|', '|', cell)
18017.2s 948 /usr/local/lib/python3.12/dist-packages/nbconvert/filters/filter_links.py:36: SyntaxWarning: invalid escape sequence '\_'
18017.2s 949 text = re.sub(r'_', '\_', text) # Escape underscores in display text
18017.8s 950 [NbConvertApp] Converting notebook __notebook__.ipynb to notebook
18018.2s 951 [NbConvertApp] Writing 376215 bytes to __notebook__.ipynb
18020.5s 952 [NbConvertApp] Converting notebook __notebook__.ipynb to html
18021.7s 953 [NbConvertApp] Writing 874460 bytes to __results__.html